ID,core,section,cut,sample_number,sampleID,top_depth,bottom_depth,ave_depth,top_depth_adj,bottom_depth_adj,ave_depth_adj,x_m,y_m,dD,d18O,dxs
alhic1901-230_4-l-1,alhic1901,230_4,l,1.0,alhic1901-230_4-l-1,0.04,0.055,0.0475,,,,,,-279.4,-35.34,3.35
alhic1901-230_4-l-2,alhic1901,230_4,l,2.0,alhic1901-230_4-l-2,0.055,0.067,0.061,,,,,,-278.6,-35.3,3.81
alhic1901-230_4-l-3,alhic1901,230_4,l,3.0,alhic1901-230_4-l-3,0.067,0.079,0.07300000000000001,,,,,,-278.79,-35.38,4.26
alhic1901-230_4-l-4,alhic1901,230_4,l,4.0,alhic1901-230_4-l-4,0.079,0.092,0.08549999999999999,,,,,,-279.0,-35.36,3.84
alhic1901-230_4-l-5,alhic1901,230_4,l,5.0,alhic1901-230_4-l-5,0.092,0.104,0.098,,,,,,-281.37,-35.54,2.98
alhic1901-230_4-l-6,alhic1901,230_4,l,6.0,alhic1901-230_4-l-6,0.104,0.116,0.11,,,,,,-286.61,-36.15,2.62
alhic1901-230_4-l-7,alhic1901,230_4,l,7.0,alhic1901-230_4-l-7,0.116,0.128,0.122,,,,,,-287.91,-36.21,1.81
alhic1901-230_4-l-8,alhic1901,230_4,l,8.0,alhic1901-230_4-l-8,0.128,0.14,0.134,,,,,,-287.46,-36.22,2.33
alhic1901-230_4-l-9,alhic1901,230_4,l,9.0,alhic1901-230_4-l-9,0.14,0.152,0.14600000000000002,,,,,,-286.59,-36.17,2.78
alhic1901-230_4-l-10,alhic1901,230_4,l,10.0,alhic1901-230_4-l-10,0.152,0.165,0.1585,,,,,,-289.89,-36.48,1.98
alhic1901-230_4-l-11,alhic1901,230_4,l,11.0,alhic1901-230_4-l-11,0.165,0.177,0.17099999999999999,,,,,,-293.14,-36.72,0.61
alhic1901-230_4-l-12,alhic1901,230_4,l,12.0,alhic1901-230_4-l-12,0.177,0.189,0.183,,,,,,-294.25,-36.85,0.53
alhic1901-230_4-l-13,alhic1901,230_4,l,13.0,alhic1901-230_4-l-13,0.189,0.201,0.195,,,,,,-294.15,-36.94,1.39
alhic1901-230_4-l-14,alhic1901,230_4,l,14.0,alhic1901-230_4-l-14,0.201,0.213,0.20700000000000002,,,,,,-293.25,-36.78,1.01
alhic1901-230_4-l-15,alhic1901,230_4,l,15.0,alhic1901-230_4-l-15,0.213,0.225,0.219,,,,,,-292.76,-36.77,1.37
alhic1901-230_4-l-16,alhic1901,230_4,l,16.0,alhic1901-230_4-l-16,0.225,0.238,0.23149999999999998,,,,,,-291.95,-36.66,1.32
alhic1901-230_4-l-17,alhic1901,230_4,l,17.0,alhic1901-230_4-l-17,0.238,0.25,0.244,,,,,,-291.46,-36.6,1.32
alhic1901-230_4-l-18,alhic1901,230_4,l,18.0,alhic1901-230_4-l-18,0.25,0.269,0.2595,,,,,,-291.58,-36.65,1.63
alhic1901-230_4-r-1,alhic1901,230_4,r,1.0,alhic1901-230_4-r-1,0.017,0.037,0.027,,,,,,-280.38,-35.45,3.24
alhic1901-230_4-r-2,alhic1901,230_4,r,2.0,alhic1901-230_4-r-2,0.037,0.049,0.043,,,,,,-278.06,-35.2,3.56
alhic1901-230_4-r-3,alhic1901,230_4,r,3.0,alhic1901-230_4-r-3,0.049,0.061,0.055,,,,,,-277.95,-35.21,3.69
alhic1901-230_4-r-4,alhic1901,230_4,r,4.0,alhic1901-230_4-r-4,0.061,0.073,0.067,,,,,,-279.33,-35.33,3.31
alhic1901-230_4-r-5,alhic1901,230_4,r,5.0,alhic1901-230_4-r-5,0.073,0.085,0.079,,,,,,-283.17,-35.74,2.76
alhic1901-230_4-r-6,alhic1901,230_4,r,6.0,alhic1901-230_4-r-6,0.085,0.097,0.091,,,,,,-286.96,-36.11,1.89
alhic1901-230_4-r-7,alhic1901,230_4,r,7.0,alhic1901-230_4-r-7,0.097,0.113,0.10500000000000001,,,,,,-289.0,-36.38,2.05
alhic1901-230_4-r-8,alhic1901,230_4,r,8.0,alhic1901-230_4-r-8,0.113,0.125,0.119,,,,,,-287.19,-36.15,2.01
alhic1901-230_4-r-9,alhic1901,230_4,r,9.0,alhic1901-230_4-r-9,0.125,0.137,0.131,,,,,,-286.13,-36.01,1.98
alhic1901-230_4-r-10,alhic1901,230_4,r,10.0,alhic1901-230_4-r-10,0.137,0.149,0.14300000000000002,,,,,,-288.44,-36.32,2.1
alhic1901-230_4-r-11,alhic1901,230_4,r,11.0,alhic1901-230_4-r-11,0.149,0.161,0.155,,,,,,-292.04,-36.65,1.19
alhic1901-230_4-r-12,alhic1901,230_4,r,12.0,alhic1901-230_4-r-12,0.161,0.173,0.16699999999999998,,,,,,-294.21,-36.89,0.92
alhic1901-230_4-r-13,alhic1901,230_4,r,13.0,alhic1901-230_4-r-13,0.173,0.185,0.179,,,,,,-294.51,-36.93,0.91
alhic1901-230_4-r-14,alhic1901,230_4,r,14.0,alhic1901-230_4-r-14,0.185,0.197,0.191,,,,,,-293.62,-36.85,1.18
alhic1901-230_4-r-15,alhic1901,230_4,r,15.0,alhic1901-230_4-r-15,0.197,0.209,0.203,,,,,,-292.24,-36.69,1.3
alhic1901-230_4-r-16,alhic1901,230_4,r,16.0,alhic1901-230_4-r-16,0.209,0.221,0.215,,,,,,-291.66,-36.65,1.55
alhic1901-230_4-r-17,alhic1901,230_4,r,17.0,alhic1901-230_4-r-17,0.221,0.233,0.227,,,,,,-290.97,-36.59,1.76
alhic1901-230_4-r-18,alhic1901,230_4,r,18.0,alhic1901-230_4-r-18,0.233,0.245,0.239,,,,,,-290.98,-36.57,1.58
alhic1901-230_4-r-19,alhic1901,230_4,r,19.0,alhic1901-230_4-r-19,0.245,0.263,0.254,,,,,,-290.75,-36.49,1.2
alhic2302-155_2-l-1,alhic2302,155_2,l,1.0,alhic2302-155_2-l-1,126.387,126.407,126.39699999999999,126.28388590569065,126.30388590569065,126.29388590569064,-0.0305,0.1095,,,
alhic2302-155_2-l-2,alhic2302,155_2,l,2.0,alhic2302-155_2-l-2,126.407,126.42,126.4135,126.30388590569065,126.31688590569065,126.31038590569065,-0.0305,0.1095,,,
alhic2302-155_2-l-3,alhic2302,155_2,l,3.0,alhic2302-155_2-l-3,126.42,126.434,126.42699999999999,126.31688590569065,126.33088590569065,126.32388590569064,-0.0305,0.1095,,,
alhic2302-155_2-l-4,alhic2302,155_2,l,4.0,alhic2302-155_2-l-4,126.434,126.448,126.441,126.33088590569065,126.34488590569065,126.33788590569065,-0.0305,0.1095,,,
alhic2302-155_2-l-5,alhic2302,155_2,l,5.0,alhic2302-155_2-l-5,126.448,126.463,126.4555,126.34488590569065,126.35988590569065,126.35238590569065,-0.0305,0.1095,,,
alhic2302-155_2-l-6,alhic2302,155_2,l,6.0,alhic2302-155_2-l-6,126.463,126.477,126.47,126.35988590569065,126.37388590569066,126.36688590569065,-0.0305,0.1095,,,
alhic2302-155_2-l-7,alhic2302,155_2,l,7.0,alhic2302-155_2-l-7,126.477,126.492,126.4845,126.37388590569066,126.38888590569066,126.38138590569065,-0.0305,0.1095,,,
alhic2302-155_2-l-8,alhic2302,155_2,l,8.0,alhic2302-155_2-l-8,126.492,126.506,126.499,126.38888590569066,126.40288590569065,126.39588590569065,-0.0305,0.1095,,,
alhic2302-155_2-l-9,alhic2302,155_2,l,9.0,alhic2302-155_2-l-9,126.506,126.52,126.513,126.40288590569065,126.41688590569065,126.40988590569066,-0.0305,0.1095,,,
alhic2302-155_2-l-10,alhic2302,155_2,l,10.0,alhic2302-155_2-l-10,126.52,126.535,126.5275,126.41688590569065,126.43188590569065,126.42438590569066,-0.0305,0.1095,,,
alhic2302-155_2-l-11,alhic2302,155_2,l,11.0,alhic2302-155_2-l-11,126.535,126.549,126.542,126.43188590569065,126.44588590569066,126.43888590569065,-0.0305,0.1095,,,
alhic2302-155_2-l-12,alhic2302,155_2,l,12.0,alhic2302-155_2-l-12,126.549,126.564,126.5565,126.44588590569066,126.46088590569065,126.45338590569065,-0.0305,0.1095,,,
alhic2302-155_2-l-13,alhic2302,155_2,l,13.0,alhic2302-155_2-l-13,126.564,126.578,126.571,126.46088590569065,126.47488590569066,126.46788590569065,-0.0305,0.1095,,,
alhic2302-155_2-l-14,alhic2302,155_2,l,14.0,alhic2302-155_2-l-14,126.578,126.592,126.58500000000001,126.47488590569066,126.48888590569065,126.48188590569066,-0.0305,0.1095,,,
alhic2302-155_2-l-15,alhic2302,155_2,l,15.0,alhic2302-155_2-l-15,126.592,126.607,126.5995,126.48888590569065,126.50388590569065,126.49638590569066,-0.0305,0.1095,,,
alhic2302-155_2-l-16,alhic2302,155_2,l,16.0,alhic2302-155_2-l-16,126.607,126.621,126.614,126.50388590569065,126.51788590569065,126.51088590569066,-0.0305,0.1095,,,
alhic2302-155_2-l-17,alhic2302,155_2,l,17.0,alhic2302-155_2-l-17,126.621,126.636,126.6285,126.51788590569065,126.53288590569065,126.52538590569065,-0.0305,0.1095,,,
alhic2302-155_2-l-18,alhic2302,155_2,l,18.0,alhic2302-155_2-l-18,126.636,126.65,126.643,126.53288590569065,126.54688590569066,126.53988590569065,-0.0305,0.1095,,,
alhic2302-155_2-l-19,alhic2302,155_2,l,19.0,alhic2302-155_2-l-19,126.65,126.665,126.6575,126.54688590569066,126.56188590569066,126.55438590569065,-0.0305,0.1095,,,
alhic2302-155_2-l-20,alhic2302,155_2,l,20.0,alhic2302-155_2-l-20,126.665,126.679,126.672,126.56188590569066,126.57588590569065,126.56888590569065,-0.0305,0.1095,,,
alhic2302-155_2-l-21,alhic2302,155_2,l,21.0,alhic2302-155_2-l-21,126.679,126.693,126.686,126.57588590569065,126.58988590569065,126.58288590569066,-0.0305,0.1095,,,
alhic2302-155_2-l-22,alhic2302,155_2,l,22.0,alhic2302-155_2-l-22,126.693,126.708,126.7005,126.58988590569065,126.60488590569065,126.59738590569066,-0.0305,0.1095,,,
alhic2302-155_2-l-23,alhic2302,155_2,l,23.0,alhic2302-155_2-l-23,126.708,126.722,126.715,126.60488590569065,126.61888590569065,126.61188590569066,-0.0305,0.1095,,,
alhic2302-155_2-l-24,alhic2302,155_2,l,24.0,alhic2302-155_2-l-24,126.722,126.737,126.7295,126.61888590569065,126.63388590569065,126.62638590569065,-0.0305,0.1095,,,
alhic2302-155_2-l-25,alhic2302,155_2,l,25.0,alhic2302-155_2-l-25,126.737,126.751,126.744,126.63388590569065,126.64788590569066,126.64088590569065,-0.0305,0.1095,,,
alhic2302-155_2-l-26,alhic2302,155_2,l,26.0,alhic2302-155_2-l-26,126.751,126.766,126.7585,126.64788590569066,126.66288590569066,126.65538590569065,-0.0305,0.1095,,,
alhic2302-155_2-l-27,alhic2302,155_2,l,27.0,alhic2302-155_2-l-27,126.766,126.78,126.773,126.66288590569066,126.67688590569065,126.66988590569065,-0.0305,0.1095,,,
alhic2302-155_2-l-28,alhic2302,155_2,l,28.0,alhic2302-155_2-l-28,126.78,126.794,126.787,126.67688590569065,126.69088590569065,126.68388590569066,-0.0305,0.1095,,,
alhic2302-155_2-l-29,alhic2302,155_2,l,29.0,alhic2302-155_2-l-29,126.794,126.809,126.8015,126.69088590569065,126.70588590569065,126.69838590569066,-0.0305,0.1095,,,
alhic2302-155_2-l-30,alhic2302,155_2,l,30.0,alhic2302-155_2-l-30,126.809,126.823,126.816,126.70588590569065,126.71988590569065,126.71288590569065,-0.0305,0.1095,,,
alhic2302-155_2-l-31,alhic2302,155_2,l,31.0,alhic2302-155_2-l-31,126.823,126.838,126.8305,126.71988590569065,126.73488590569065,126.72738590569065,-0.0305,0.1095,,,
alhic2302-155_2-l-32,alhic2302,155_2,l,32.0,alhic2302-155_2-l-32,126.838,126.852,126.845,126.73488590569065,126.74888590569066,126.74188590569065,-0.0305,0.1095,,,
alhic2302-155_2-l-33,alhic2302,155_2,l,33.0,alhic2302-155_2-l-33,126.852,126.867,126.8595,126.74888590569066,126.76388590569066,126.75638590569065,-0.0305,0.1095,,,
alhic2302-155_2-l-34,alhic2302,155_2,l,34.0,alhic2302-155_2-l-34,126.867,126.881,126.874,126.76388590569066,126.77788590569065,126.77088590569065,-0.0305,0.1095,,,
alhic2302-155_2-l-35,alhic2302,155_2,l,35.0,alhic2302-155_2-l-35,126.881,126.895,126.888,126.77788590569065,126.79188590569065,126.78488590569066,-0.0305,0.1095,,,
alhic2302-155_2-l-36,alhic2302,155_2,l,36.0,alhic2302-155_2-l-36,126.895,126.91,126.9025,126.79188590569065,126.80688590569065,126.79938590569066,-0.0305,0.1095,,,
alhic2302-155_2-l-37,alhic2302,155_2,l,37.0,alhic2302-155_2-l-37,126.91,126.924,126.917,126.80688590569065,126.82088590569066,126.81388590569065,-0.0305,0.1095,,,
alhic2302-155_2-l-38,alhic2302,155_2,l,38.0,alhic2302-155_2-l-38,126.924,126.939,126.9315,126.82088590569066,126.83588590569065,126.82838590569065,-0.0305,0.1095,,,
alhic2302-155_2-l-39,alhic2302,155_2,l,39.0,alhic2302-155_2-l-39,126.939,126.953,126.946,126.83588590569065,126.84988590569066,126.84288590569065,-0.0305,0.1095,,,
alhic2302-155_2-l-40,alhic2302,155_2,l,40.0,alhic2302-155_2-l-40,126.953,126.967,126.96000000000001,126.84988590569066,126.86388590569065,126.85688590569066,-0.0305,0.1095,,,
alhic2302-155_2-l-41,alhic2302,155_2,l,41.0,alhic2302-155_2-l-41,126.967,126.982,126.9745,126.86388590569065,126.87888590569065,126.87138590569066,-0.0305,0.1095,,,
alhic2302-155_2-l-42,alhic2302,155_2,l,42.0,alhic2302-155_2-l-42,126.982,126.996,126.989,126.87888590569065,126.89288590569065,126.88588590569066,-0.0305,0.1095,,,
alhic2302-155_2-l-43,alhic2302,155_2,l,43.0,alhic2302-155_2-l-43,126.996,127.011,127.0035,126.89288590569065,126.90788590569065,126.90038590569065,-0.0305,0.1095,,,
alhic2302-155_2-l-44,alhic2302,155_2,l,44.0,alhic2302-155_2-l-44,127.011,127.025,127.018,126.90788590569065,126.92188590569066,126.91488590569065,-0.0305,0.1095,,,
alhic2302-155_2-l-45,alhic2302,155_2,l,45.0,alhic2302-155_2-l-45,127.025,127.04,127.0325,126.92188590569066,126.93688590569066,126.92938590569065,-0.0305,0.1095,,,
alhic2302-155_2-l-46,alhic2302,155_2,l,46.0,alhic2302-155_2-l-46,127.04,127.067,127.0535,126.93688590569066,126.96388590569065,126.95038590569065,-0.0305,0.1095,,,
alhic2302-155_2-r-1,alhic2302,155_2,r,1.0,alhic2302-155_2-r-1,126.387,126.404,126.3955,126.43493197237336,126.45193197237336,126.44343197237336,0.1095,0.016,,,
alhic2302-155_2-r-2,alhic2302,155_2,r,2.0,alhic2302-155_2-r-2,126.404,126.415,126.40950000000001,126.45193197237336,126.46293197237337,126.45743197237337,0.1095,0.016,,,
alhic2302-155_2-r-3,alhic2302,155_2,r,3.0,alhic2302-155_2-r-3,126.415,126.426,126.4205,126.46293197237337,126.47393197237336,126.46843197237337,0.1095,0.016,,,
alhic2302-155_2-r-4,alhic2302,155_2,r,4.0,alhic2302-155_2-r-4,126.426,126.439,126.4325,126.47393197237336,126.48693197237336,126.48043197237337,0.1095,0.016,,,
alhic2302-155_2-r-5,alhic2302,155_2,r,5.0,alhic2302-155_2-r-5,126.439,126.453,126.446,126.48693197237336,126.50093197237337,126.49393197237336,0.1095,0.016,,,
alhic2302-155_2-r-6,alhic2302,155_2,r,6.0,alhic2302-155_2-r-6,126.453,126.466,126.45949999999999,126.50093197237337,126.51393197237336,126.50743197237335,0.1095,0.016,,,
alhic2302-155_2-r-7,alhic2302,155_2,r,7.0,alhic2302-155_2-r-7,126.466,126.479,126.4725,126.51393197237336,126.52693197237336,126.52043197237336,0.1095,0.016,,,
alhic2302-155_2-r-8,alhic2302,155_2,r,8.0,alhic2302-155_2-r-8,126.479,126.492,126.4855,126.52693197237336,126.53993197237337,126.53343197237336,0.1095,0.016,,,
alhic2302-155_2-r-9,alhic2302,155_2,r,9.0,alhic2302-155_2-r-9,126.492,126.505,126.4985,126.53993197237337,126.55293197237336,126.54643197237337,0.1095,0.016,,,
alhic2302-155_2-r-10,alhic2302,155_2,r,10.0,alhic2302-155_2-r-10,126.505,126.518,126.5115,126.55293197237336,126.56593197237336,126.55943197237336,0.1095,0.016,,,
alhic2302-155_2-r-11,alhic2302,155_2,r,11.0,alhic2302-155_2-r-11,126.518,126.532,126.525,126.56593197237336,126.57993197237336,126.57293197237337,0.1095,0.016,,,
alhic2302-155_2-r-12,alhic2302,155_2,r,12.0,alhic2302-155_2-r-12,126.532,126.545,126.5385,126.57993197237336,126.59293197237336,126.58643197237336,0.1095,0.016,,,
alhic2302-155_2-r-13,alhic2302,155_2,r,13.0,alhic2302-155_2-r-13,126.545,126.558,126.5515,126.59293197237336,126.60593197237337,126.59943197237337,0.1095,0.016,,,
alhic2302-155_2-r-14,alhic2302,155_2,r,14.0,alhic2302-155_2-r-14,126.558,126.571,126.56450000000001,126.60593197237337,126.61893197237336,126.61243197237337,0.1095,0.016,,,
alhic2302-155_2-r-15,alhic2302,155_2,r,15.0,alhic2302-155_2-r-15,126.571,126.584,126.5775,126.61893197237336,126.63193197237337,126.62543197237336,0.1095,0.016,,,
alhic2302-155_2-r-16,alhic2302,155_2,r,16.0,alhic2302-155_2-r-16,126.584,126.597,126.59049999999999,126.63193197237337,126.64493197237336,126.63843197237335,0.1095,0.016,,,
alhic2302-155_2-r-17,alhic2302,155_2,r,17.0,alhic2302-155_2-r-17,126.597,126.61,126.6035,126.64493197237336,126.65793197237336,126.65143197237336,0.1095,0.016,,,
alhic2302-155_2-r-18,alhic2302,155_2,r,18.0,alhic2302-155_2-r-18,126.61,126.624,126.61699999999999,126.65793197237336,126.67193197237336,126.66493197237335,0.1095,0.016,,,
alhic2302-155_2-r-19,alhic2302,155_2,r,19.0,alhic2302-155_2-r-19,126.624,126.637,126.6305,126.67193197237336,126.68493197237336,126.67843197237336,0.1095,0.016,,,
alhic2302-155_2-r-20,alhic2302,155_2,r,20.0,alhic2302-155_2-r-20,126.637,126.65,126.6435,126.68493197237336,126.69793197237337,126.69143197237337,0.1095,0.016,,,
alhic2302-155_2-r-21,alhic2302,155_2,r,21.0,alhic2302-155_2-r-21,126.65,126.663,126.6565,126.69793197237337,126.71093197237336,126.70443197237336,0.1095,0.016,,,
alhic2302-155_2-r-22,alhic2302,155_2,r,22.0,alhic2302-155_2-r-22,126.663,126.676,126.6695,126.71093197237336,126.72393197237336,126.71743197237336,0.1095,0.016,,,
alhic2302-155_2-r-23,alhic2302,155_2,r,23.0,alhic2302-155_2-r-23,126.676,126.689,126.6825,126.72393197237336,126.73693197237336,126.73043197237337,0.1095,0.016,,,
alhic2302-155_2-r-24,alhic2302,155_2,r,24.0,alhic2302-155_2-r-24,126.689,126.703,126.696,126.73693197237336,126.75093197237337,126.74393197237336,0.1095,0.016,,,
alhic2302-155_2-r-25,alhic2302,155_2,r,25.0,alhic2302-155_2-r-25,126.703,126.716,126.70949999999999,126.75093197237337,126.76393197237336,126.75743197237335,0.1095,0.016,,,
alhic2302-155_2-r-26,alhic2302,155_2,r,26.0,alhic2302-155_2-r-26,126.716,126.729,126.7225,126.76393197237336,126.77693197237336,126.77043197237336,0.1095,0.016,,,
alhic2302-155_2-r-27,alhic2302,155_2,r,27.0,alhic2302-155_2-r-27,126.729,126.742,126.7355,126.77693197237336,126.78993197237337,126.78343197237336,0.1095,0.016,,,
alhic2302-155_2-r-28,alhic2302,155_2,r,28.0,alhic2302-155_2-r-28,126.742,126.755,126.7485,126.78993197237337,126.80293197237336,126.79643197237337,0.1095,0.016,,,
alhic2302-155_2-r-29,alhic2302,155_2,r,29.0,alhic2302-155_2-r-29,126.755,126.768,126.7615,126.80293197237336,126.81593197237336,126.80943197237336,0.1095,0.016,,,
alhic2302-155_2-r-30,alhic2302,155_2,r,30.0,alhic2302-155_2-r-30,126.768,126.782,126.775,126.81593197237336,126.82993197237336,126.82293197237337,0.1095,0.016,,,
alhic2302-155_2-r-31,alhic2302,155_2,r,31.0,alhic2302-155_2-r-31,126.782,126.795,126.7885,126.82993197237336,126.84293197237336,126.83643197237336,0.1095,0.016,,,
alhic2302-155_2-r-32,alhic2302,155_2,r,32.0,alhic2302-155_2-r-32,126.795,126.808,126.8015,126.84293197237336,126.85593197237337,126.84943197237337,0.1095,0.016,,,
alhic2302-155_2-r-33,alhic2302,155_2,r,33.0,alhic2302-155_2-r-33,126.808,126.821,126.81450000000001,126.85593197237337,126.86893197237336,126.86243197237337,0.1095,0.016,,,
alhic2302-155_2-r-34,alhic2302,155_2,r,34.0,alhic2302-155_2-r-34,126.821,126.834,126.8275,126.86893197237336,126.88193197237337,126.87543197237336,0.1095,0.016,,,
alhic2302-155_2-r-35,alhic2302,155_2,r,35.0,alhic2302-155_2-r-35,126.834,126.847,126.84049999999999,126.88193197237337,126.89493197237336,126.88843197237335,0.1095,0.016,,,
alhic2302-155_2-r-36,alhic2302,155_2,r,36.0,alhic2302-155_2-r-36,126.847,126.86,126.8535,126.89493197237336,126.90793197237336,126.90143197237336,0.1095,0.016,,,
alhic2302-155_2-r-37,alhic2302,155_2,r,37.0,alhic2302-155_2-r-37,126.86,126.874,126.86699999999999,126.90793197237336,126.92193197237336,126.91493197237335,0.1095,0.016,,,
alhic2302-155_2-r-38,alhic2302,155_2,r,38.0,alhic2302-155_2-r-38,126.874,126.887,126.8805,126.92193197237336,126.93493197237336,126.92843197237336,0.1095,0.016,,,
alhic2302-155_2-r-39,alhic2302,155_2,r,39.0,alhic2302-155_2-r-39,126.887,126.9,126.8935,126.93493197237336,126.94793197237337,126.94143197237337,0.1095,0.016,,,
alhic2302-155_2-r-40,alhic2302,155_2,r,40.0,alhic2302-155_2-r-40,126.9,126.913,126.9065,126.94793197237337,126.96093197237336,126.95443197237336,0.1095,0.016,,,
alhic2302-155_2-r-41,alhic2302,155_2,r,41.0,alhic2302-155_2-r-41,126.913,126.926,126.9195,126.96093197237336,126.97393197237336,126.96743197237336,0.1095,0.016,,,
alhic2302-155_2-r-42,alhic2302,155_2,r,42.0,alhic2302-155_2-r-42,126.926,126.939,126.9325,126.97393197237336,126.98693197237336,126.98043197237337,0.1095,0.016,,,
alhic2302-155_2-r-43,alhic2302,155_2,r,43.0,alhic2302-155_2-r-43,126.939,126.953,126.946,126.98693197237336,127.00093197237337,126.99393197237336,0.1095,0.016,,,
alhic2302-155_2-r-44,alhic2302,155_2,r,44.0,alhic2302-155_2-r-44,126.953,126.966,126.95949999999999,127.00093197237337,127.01393197237336,127.00743197237335,0.1095,0.016,,,
alhic2302-155_2-r-45,alhic2302,155_2,r,45.0,alhic2302-155_2-r-45,126.966,126.986,126.976,127.01393197237336,127.03393197237337,127.02393197237336,0.1095,0.016,,,
alhic2302-155_2-r-46,alhic2302,155_2,r,46.0,alhic2302-155_2-r-46,126.986,127.013,126.99950000000001,127.03393197237337,127.06093197237337,127.04743197237337,0.1095,0.016,,,
alhic2302-156_2-l-1,alhic2302,156_2,l,1.0,alhic2302-156_2-l-1,127.715,127.725,127.72,127.58981399253169,127.59981399253168,127.59481399253168,-0.1015,0.024,-298.19,-37.59,2.57
alhic2302-156_2-l-2,alhic2302,156_2,l,2.0,alhic2302-156_2-l-2,127.725,127.736,127.7305,127.59981399253168,127.61081399253169,127.60531399253169,-0.1015,0.024,-297.98,-37.59,2.75
alhic2302-156_2-l-3,alhic2302,156_2,l,3.0,alhic2302-156_2-l-3,127.736,127.747,127.7415,127.61081399253169,127.62181399253168,127.61631399253169,-0.1015,0.024,-298.17,-37.61,2.69
alhic2302-156_2-l-4,alhic2302,156_2,l,4.0,alhic2302-156_2-l-4,127.747,127.759,127.753,127.62181399253168,127.63381399253169,127.62781399253169,-0.1015,0.024,-298.37,-37.65,2.86
alhic2302-156_2-l-5,alhic2302,156_2,l,5.0,alhic2302-156_2-l-5,127.759,127.77,127.7645,127.63381399253169,127.64481399253168,127.63931399253168,-0.1015,0.024,-298.52,-37.7,3.05
alhic2302-156_2-l-6,alhic2302,156_2,l,6.0,alhic2302-156_2-l-6,127.77,127.781,127.7755,127.64481399253168,127.65581399253169,127.65031399253168,-0.1015,0.024,-298.26,-37.63,2.75
alhic2302-156_2-l-7,alhic2302,156_2,l,7.0,alhic2302-156_2-l-7,127.781,127.792,127.7865,127.65581399253169,127.66681399253169,127.66131399253169,-0.1015,0.024,-298.17,-37.59,2.51
alhic2302-156_2-l-8,alhic2302,156_2,l,8.0,alhic2302-156_2-l-8,127.792,127.804,127.798,127.66681399253169,127.67881399253169,127.67281399253169,-0.1015,0.024,-298.93,-37.75,3.03
alhic2302-156_2-l-9,alhic2302,156_2,l,9.0,alhic2302-156_2-l-9,127.804,127.815,127.8095,127.67881399253169,127.68981399253168,127.68431399253168,-0.1015,0.024,-298.55,-37.68,2.87
alhic2302-156_2-l-10,alhic2302,156_2,l,10.0,alhic2302-156_2-l-10,127.815,127.826,127.8205,127.68981399253168,127.70081399253168,127.69531399253168,-0.1015,0.024,-298.51,-37.67,2.89
alhic2302-156_2-l-11,alhic2302,156_2,l,11.0,alhic2302-156_2-l-11,127.826,127.837,127.8315,127.70081399253168,127.71181399253169,127.70631399253169,-0.1015,0.024,-298.71,-37.69,2.83
alhic2302-156_2-l-12,alhic2302,156_2,l,12.0,alhic2302-156_2-l-12,127.837,127.848,127.8425,127.71181399253169,127.72281399253168,127.71731399253169,-0.1015,0.024,-298.71,-37.71,2.93
alhic2302-156_2-l-13,alhic2302,156_2,l,13.0,alhic2302-156_2-l-13,127.848,127.86,127.854,127.72281399253168,127.73481399253168,127.72881399253168,-0.1015,0.024,-298.63,-37.71,3.06
alhic2302-156_2-l-14,alhic2302,156_2,l,14.0,alhic2302-156_2-l-14,127.86,127.871,127.8655,127.73481399253168,127.74581399253168,127.74031399253168,-0.1015,0.024,-298.39,-37.61,2.48
alhic2302-156_2-l-15,alhic2302,156_2,l,15.0,alhic2302-156_2-l-15,127.871,127.882,127.8765,127.74581399253168,127.75681399253169,127.75131399253168,-0.1015,0.024,-298.74,-37.67,2.64
alhic2302-156_2-l-16,alhic2302,156_2,l,16.0,alhic2302-156_2-l-16,127.882,127.893,127.8875,127.75681399253169,127.76781399253169,127.76231399253169,-0.1015,0.024,-298.46,-37.65,2.72
alhic2302-156_2-l-17,alhic2302,156_2,l,17.0,alhic2302-156_2-l-17,127.893,127.904,127.8985,127.76781399253169,127.77881399253168,127.77331399253168,-0.1015,0.024,-298.6,-37.69,2.95
alhic2302-156_2-l-18,alhic2302,156_2,l,18.0,alhic2302-156_2-l-18,127.904,127.916,127.91,127.77881399253168,127.79081399253168,127.78481399253168,-0.1015,0.024,-298.28,-37.62,2.72
alhic2302-156_2-l-19,alhic2302,156_2,l,19.0,alhic2302-156_2-l-19,127.916,127.927,127.92150000000001,127.79081399253168,127.80181399253169,127.7963139925317,-0.1015,0.024,-298.92,-37.73,2.9
alhic2302-156_2-l-20,alhic2302,156_2,l,20.0,alhic2302-156_2-l-20,127.927,127.938,127.9325,127.80181399253169,127.81281399253169,127.80731399253169,-0.1015,0.024,-298.32,-37.64,2.8
alhic2302-156_2-l-21,alhic2302,156_2,l,21.0,alhic2302-156_2-l-21,127.938,127.949,127.9435,127.81281399253169,127.82381399253168,127.81831399253169,-0.1015,0.024,-297.65,-37.52,2.53
alhic2302-156_2-l-22,alhic2302,156_2,l,22.0,alhic2302-156_2-l-22,127.949,127.961,127.955,127.82381399253168,127.83581399253168,127.82981399253168,-0.1015,0.024,-298.45,-37.65,2.74
alhic2302-156_2-l-23,alhic2302,156_2,l,23.0,alhic2302-156_2-l-23,127.961,127.972,127.9665,127.83581399253168,127.84681399253168,127.84131399253168,-0.1015,0.024,-298.62,-37.68,2.81
alhic2302-156_2-l-24,alhic2302,156_2,l,24.0,alhic2302-156_2-l-24,127.972,127.983,127.97749999999999,127.84681399253168,127.85781399253169,127.85231399253168,-0.1015,0.024,-298.31,-37.61,2.59
alhic2302-156_2-l-25,alhic2302,156_2,l,25.0,alhic2302-156_2-l-25,127.983,127.994,127.9885,127.85781399253169,127.86881399253168,127.86331399253169,-0.1015,0.024,-298.11,-37.58,2.53
alhic2302-156_2-l-26,alhic2302,156_2,l,26.0,alhic2302-156_2-l-26,127.994,128.005,127.9995,127.86881399253168,127.87981399253168,127.87431399253168,-0.1015,0.024,-298.02,-37.59,2.72
alhic2302-156_2-l-27,alhic2302,156_2,l,27.0,alhic2302-156_2-l-27,128.005,128.017,128.011,127.87981399253168,127.89181399253168,127.88581399253168,-0.1015,0.024,-298.11,-37.52,2.06
alhic2302-156_2-l-28,alhic2302,156_2,l,28.0,alhic2302-156_2-l-28,128.017,128.028,128.02249999999998,127.89181399253168,127.90281399253168,127.89731399253166,-0.1015,0.024,-297.5,-37.47,2.24
alhic2302-156_2-l-29,alhic2302,156_2,l,29.0,alhic2302-156_2-l-29,128.028,128.039,128.0335,127.90281399253168,127.91381399253167,127.90831399253169,-0.1015,0.024,-296.44,-37.34,2.26
alhic2302-156_2-l-30,alhic2302,156_2,l,30.0,alhic2302-156_2-l-30,128.039,128.05,128.0445,127.91381399253167,127.9248139925317,127.91931399253168,-0.1015,0.024,-295.17,-37.13,1.84
alhic2302-156_2-l-31,alhic2302,156_2,l,31.0,alhic2302-156_2-l-31,128.05,128.061,128.0555,127.9248139925317,127.93581399253169,127.93031399253168,-0.1015,0.024,-294.98,-37.1,1.78
alhic2302-156_2-l-32,alhic2302,156_2,l,32.0,alhic2302-156_2-l-32,128.061,128.073,128.067,127.93581399253169,127.94781399253169,127.94181399253169,-0.1015,0.024,-293.64,-36.9,1.57
alhic2302-156_2-l-33,alhic2302,156_2,l,33.0,alhic2302-156_2-l-33,128.073,128.084,128.07850000000002,127.94781399253169,127.95881399253169,127.9533139925317,-0.1015,0.024,-293.8,-36.94,1.72
alhic2302-156_2-l-34,alhic2302,156_2,l,34.0,alhic2302-156_2-l-34,128.084,128.095,128.0895,127.95881399253169,127.96981399253168,127.96431399253167,-0.1015,0.024,-293.34,-36.87,1.61
alhic2302-156_2-l-35,alhic2302,156_2,l,35.0,alhic2302-156_2-l-35,128.095,128.106,128.1005,127.96981399253168,127.98081399253168,127.9753139925317,-0.1015,0.024,-293.25,-36.84,1.51
alhic2302-156_2-l-36,alhic2302,156_2,l,36.0,alhic2302-156_2-l-36,128.106,128.118,128.112,127.98081399253168,127.99281399253168,127.98681399253168,-0.1015,0.024,-292.92,-36.78,1.34
alhic2302-156_2-l-37,alhic2302,156_2,l,37.0,alhic2302-156_2-l-37,128.118,128.129,128.12349999999998,127.99281399253168,128.00381399253166,127.99831399253166,-0.1015,0.024,-293.86,-36.9,1.3
alhic2302-156_2-l-38,alhic2302,156_2,l,38.0,alhic2302-156_2-l-38,128.129,128.14,128.1345,128.00381399253166,128.01481399253166,128.00931399253167,-0.1015,0.024,-293.79,-36.88,1.26
alhic2302-156_2-l-39,alhic2302,156_2,l,39.0,alhic2302-156_2-l-39,128.14,128.151,128.1455,128.01481399253166,128.02581399253168,128.02031399253167,-0.1015,0.024,-293.4,-36.78,0.88
alhic2302-156_2-l-40,alhic2302,156_2,l,40.0,alhic2302-156_2-l-40,128.151,128.162,128.1565,128.02581399253168,128.03681399253168,128.03131399253166,-0.1015,0.024,-293.78,-36.9,1.38
alhic2302-156_2-l-41,alhic2302,156_2,l,41.0,alhic2302-156_2-l-41,128.162,128.174,128.168,128.03681399253168,128.04881399253168,128.04281399253168,-0.1015,0.024,-293.43,-36.8,0.97
alhic2302-156_2-l-42,alhic2302,156_2,l,42.0,alhic2302-156_2-l-42,128.174,128.185,128.17950000000002,128.04881399253168,128.05981399253167,128.0543139925317,-0.1015,0.024,-293.49,-36.79,0.84
alhic2302-156_2-l-43,alhic2302,156_2,l,43.0,alhic2302-156_2-l-43,128.185,128.196,128.1905,128.05981399253167,128.07081399253167,128.06531399253166,-0.1015,0.024,-293.37,-36.82,1.21
alhic2302-156_2-l-44,alhic2302,156_2,l,44.0,alhic2302-156_2-l-44,128.196,128.207,128.2015,128.07081399253167,128.08181399253166,128.07631399253168,-0.1015,0.024,-293.29,-36.76,0.78
alhic2302-156_2-l-45,alhic2302,156_2,l,45.0,alhic2302-156_2-l-45,128.207,128.218,128.21249999999998,128.08181399253166,128.09281399253166,128.08731399253165,-0.1015,0.024,-292.77,-36.73,1.05
alhic2302-156_2-l-46,alhic2302,156_2,l,46.0,alhic2302-156_2-l-46,128.218,128.23,128.224,128.09281399253166,128.10481399253166,128.09881399253166,-0.1015,0.024,-293.27,-36.79,1.06
alhic2302-156_2-l-47,alhic2302,156_2,l,47.0,alhic2302-156_2-l-47,128.23,128.241,128.2355,128.10481399253166,128.11581399253168,128.11031399253167,-0.1015,0.024,-293.32,-36.82,1.21
alhic2302-156_2-l-48,alhic2302,156_2,l,48.0,alhic2302-156_2-l-48,128.241,128.252,128.24650000000003,128.11581399253168,128.12681399253168,128.1213139925317,-0.1015,0.024,-293.68,-36.89,1.47
alhic2302-156_2-l-49,alhic2302,156_2,l,49.0,alhic2302-156_2-l-49,128.252,128.263,128.2575,128.12681399253168,128.13781399253168,128.13231399253166,-0.1015,0.024,-293.62,-36.88,1.42
alhic2302-156_2-l-50,alhic2302,156_2,l,50.0,alhic2302-156_2-l-50,128.263,128.275,128.269,128.13781399253168,128.14981399253168,128.14381399253168,-0.1015,0.024,-293.57,-36.87,1.36
alhic2302-156_2-l-51,alhic2302,156_2,l,51.0,alhic2302-156_2-l-51,128.275,128.286,128.28050000000002,128.14981399253168,128.16081399253167,128.1553139925317,-0.1015,0.024,-294.42,-37.0,1.54
alhic2302-156_2-l-52,alhic2302,156_2,l,52.0,alhic2302-156_2-l-52,128.286,128.297,128.29149999999998,128.16081399253167,128.17181399253167,128.16631399253166,-0.1015,0.024,-295.15,-37.11,1.7
alhic2302-156_2-l-53,alhic2302,156_2,l,53.0,alhic2302-156_2-l-53,128.297,128.308,128.3025,128.17181399253167,128.18281399253166,128.17731399253168,-0.1015,0.024,-295.31,-37.15,1.92
alhic2302-156_2-l-54,alhic2302,156_2,l,54.0,alhic2302-156_2-l-54,128.308,128.319,128.31349999999998,128.18281399253166,128.19381399253166,128.18831399253165,-0.1015,0.024,-295.38,-37.15,1.79
alhic2302-156_2-l-55,alhic2302,156_2,l,55.0,alhic2302-156_2-l-55,128.319,128.331,128.325,128.19381399253166,128.20581399253166,128.19981399253166,-0.1015,0.024,-295.66,-37.19,1.89
alhic2302-156_2-l-56,alhic2302,156_2,l,56.0,alhic2302-156_2-l-56,128.331,128.342,128.3365,128.20581399253166,128.21681399253168,128.21131399253167,-0.1015,0.024,-295.47,-37.16,1.84
alhic2302-156_2-l-57,alhic2302,156_2,l,57.0,alhic2302-156_2-l-57,128.342,128.36,128.351,128.21681399253168,128.23481399253168,128.22581399253167,-0.1015,0.024,-295.34,-37.15,1.86
alhic2302-156_2-r-1,alhic2302,156_2,r,1.0,alhic2302-156_2-r-1,127.68,127.694,127.68700000000001,127.75833753101766,127.77233753101766,127.76533753101766,0.0735,0.084,-299.71,-37.75,2.26
alhic2302-156_2-r-2,alhic2302,156_2,r,2.0,alhic2302-156_2-r-2,127.694,127.709,127.70150000000001,127.77233753101766,127.78733753101766,127.77983753101766,0.0735,0.084,-298.55,-37.6,2.21
alhic2302-156_2-r-3,alhic2302,156_2,r,3.0,alhic2302-156_2-r-3,127.709,127.724,127.7165,127.78733753101766,127.80233753101766,127.79483753101765,0.0735,0.084,-299.09,-37.67,2.26
alhic2302-156_2-r-4,alhic2302,156_2,r,4.0,alhic2302-156_2-r-4,127.724,127.739,127.73150000000001,127.80233753101766,127.81733753101766,127.80983753101766,0.0735,0.084,-298.58,-37.63,2.48
alhic2302-156_2-r-5,alhic2302,156_2,r,5.0,alhic2302-156_2-r-5,127.739,127.754,127.7465,127.81733753101766,127.83233753101766,127.82483753101765,0.0735,0.084,-298.61,-37.62,2.37
alhic2302-156_2-r-6,alhic2302,156_2,r,6.0,alhic2302-156_2-r-6,127.754,127.769,127.76150000000001,127.83233753101766,127.84733753101766,127.83983753101766,0.0735,0.084,-297.88,-37.52,2.27
alhic2302-156_2-r-7,alhic2302,156_2,r,7.0,alhic2302-156_2-r-7,127.769,127.784,127.7765,127.84733753101766,127.86233753101766,127.85483753101765,0.0735,0.084,-297.33,-37.44,2.19
alhic2302-156_2-r-8,alhic2302,156_2,r,8.0,alhic2302-156_2-r-8,127.784,127.799,127.79150000000001,127.86233753101766,127.87733753101766,127.86983753101767,0.0735,0.084,-297.09,-37.41,2.2
alhic2302-156_2-r-9,alhic2302,156_2,r,9.0,alhic2302-156_2-r-9,127.799,127.814,127.8065,127.87733753101766,127.89233753101765,127.88483753101765,0.0735,0.084,-295.48,-37.18,2.0
alhic2302-156_2-r-10,alhic2302,156_2,r,10.0,alhic2302-156_2-r-10,127.814,127.829,127.82149999999999,127.89233753101765,127.90733753101765,127.89983753101764,0.0735,0.084,-294.35,-37.02,1.83
alhic2302-156_2-r-11,alhic2302,156_2,r,11.0,alhic2302-156_2-r-11,127.829,127.844,127.8365,127.90733753101765,127.92233753101765,127.91483753101765,0.0735,0.084,-293.61,-36.89,1.49
alhic2302-156_2-r-12,alhic2302,156_2,r,12.0,alhic2302-156_2-r-12,127.844,127.86,127.852,127.92233753101765,127.93833753101765,127.93033753101766,0.0735,0.084,-294.17,-37.0,1.84
alhic2302-156_2-r-13,alhic2302,156_2,r,13.0,alhic2302-156_2-r-13,127.86,127.875,127.8675,127.93833753101765,127.95333753101765,127.94583753101766,0.0735,0.084,-293.55,-36.87,1.4
alhic2302-156_2-r-14,alhic2302,156_2,r,14.0,alhic2302-156_2-r-14,127.875,127.89,127.8825,127.95333753101765,127.96833753101765,127.96083753101765,0.0735,0.084,-293.21,-36.83,1.41
alhic2302-156_2-r-15,alhic2302,156_2,r,15.0,alhic2302-156_2-r-15,127.89,127.905,127.89750000000001,127.96833753101765,127.98333753101765,127.97583753101766,0.0735,0.084,-293.67,-36.89,1.44
alhic2302-156_2-r-16,alhic2302,156_2,r,16.0,alhic2302-156_2-r-16,127.905,127.92,127.9125,127.98333753101765,127.99833753101765,127.99083753101765,0.0735,0.084,-293.59,-36.78,0.65
alhic2302-156_2-r-17,alhic2302,156_2,r,17.0,alhic2302-156_2-r-17,127.92,127.935,127.92750000000001,127.99833753101765,128.01333753101764,128.00583753101765,0.0735,0.084,-293.46,-36.78,0.77
alhic2302-156_2-r-18,alhic2302,156_2,r,18.0,alhic2302-156_2-r-18,127.935,127.95,127.9425,128.01333753101764,128.02833753101766,128.02083753101763,0.0735,0.084,-293.29,-36.81,1.19
alhic2302-156_2-r-19,alhic2302,156_2,r,19.0,alhic2302-156_2-r-19,127.95,127.965,127.95750000000001,128.02833753101766,128.04333753101764,128.03583753101765,0.0735,0.084,-293.57,-36.83,1.08
alhic2302-156_2-r-20,alhic2302,156_2,r,20.0,alhic2302-156_2-r-20,127.965,127.98,127.9725,128.04333753101764,128.05833753101766,128.05083753101763,0.0735,0.084,-293.34,-36.81,1.16
alhic2302-156_2-r-21,alhic2302,156_2,r,21.0,alhic2302-156_2-r-21,127.98,127.995,127.98750000000001,128.05833753101766,128.07333753101764,128.06583753101765,0.0735,0.084,-293.06,-36.79,1.29
alhic2302-156_2-r-22,alhic2302,156_2,r,22.0,alhic2302-156_2-r-22,127.995,128.01,128.0025,128.07333753101764,128.08833753101763,128.08083753101764,0.0735,0.084,-293.18,-36.8,1.2
alhic2302-156_2-r-23,alhic2302,156_2,r,23.0,alhic2302-156_2-r-23,128.01,128.025,128.01749999999998,128.08833753101763,128.10333753101764,128.09583753101762,0.0735,0.084,-293.52,-36.87,1.46
alhic2302-156_2-r-24,alhic2302,156_2,r,24.0,alhic2302-156_2-r-24,128.025,128.04,128.0325,128.10333753101764,128.11833753101763,128.11083753101764,0.0735,0.084,-293.95,-36.91,1.36
alhic2302-156_2-r-25,alhic2302,156_2,r,25.0,alhic2302-156_2-r-25,128.04,128.055,128.0475,128.11833753101763,128.13333753101765,128.12583753101765,0.0735,0.084,-294.9,-37.04,1.42
alhic2302-156_2-r-26,alhic2302,156_2,r,26.0,alhic2302-156_2-r-26,128.055,128.07,128.0625,128.13333753101765,128.14833753101763,128.14083753101764,0.0735,0.084,-295.36,-37.11,1.52
alhic2302-156_2-r-27,alhic2302,156_2,r,27.0,alhic2302-156_2-r-27,128.07,128.085,128.0775,128.14833753101763,128.16333753101765,128.15583753101762,0.0735,0.084,-295.17,-37.1,1.67
alhic2302-156_2-r-28,alhic2302,156_2,r,28.0,alhic2302-156_2-r-28,128.085,128.1,128.0925,128.16333753101765,128.17833753101763,128.17083753101764,0.0735,0.084,-295.88,-37.2,1.75
alhic2302-156_2-r-29,alhic2302,156_2,r,29.0,alhic2302-156_2-r-29,128.1,128.115,128.10750000000002,128.17833753101763,128.19333753101765,128.18583753101765,0.0735,0.084,-295.21,-37.13,1.8
alhic2302-156_2-r-30,alhic2302,156_2,r,30.0,alhic2302-156_2-r-30,128.115,128.13,128.1225,128.19333753101765,128.20833753101763,128.20083753101764,0.0735,0.084,-295.78,-37.22,1.98
alhic2302-156_2-r-31,alhic2302,156_2,r,31.0,alhic2302-156_2-r-31,128.13,128.145,128.1375,128.20833753101763,128.22333753101765,128.21583753101763,0.0735,0.084,-296.77,-37.29,1.53
alhic2302-156_2-r-32,alhic2302,156_2,r,32.0,alhic2302-156_2-r-32,128.145,128.16,128.1525,128.22333753101765,128.23833753101763,128.23083753101764,0.0735,0.084,-297.03,-37.41,2.25
alhic2302-156_2-r-33,alhic2302,156_2,r,33.0,alhic2302-156_2-r-33,128.16,128.175,128.16750000000002,128.23833753101763,128.25333753101765,128.24583753101766,0.0735,0.084,-297.05,-37.41,2.25
alhic2302-156_2-r-34,alhic2302,156_2,r,34.0,alhic2302-156_2-r-34,128.175,128.191,128.183,128.25333753101765,128.26933753101764,128.26133753101763,0.0735,0.084,-297.35,-37.42,2.04
alhic2302-156_2-r-35,alhic2302,156_2,r,35.0,alhic2302-156_2-r-35,128.191,128.206,128.1985,128.26933753101764,128.28433753101763,128.27683753101763,0.0735,0.084,-296.29,-37.25,1.74
alhic2302-156_2-r-36,alhic2302,156_2,r,36.0,alhic2302-156_2-r-36,128.206,128.221,128.2135,128.28433753101763,128.29933753101764,128.29183753101765,0.0735,0.084,-295.95,-37.19,1.56
alhic2302-156_2-r-37,alhic2302,156_2,r,37.0,alhic2302-156_2-r-37,128.221,128.236,128.2285,128.29933753101764,128.31433753101763,128.30683753101764,0.0735,0.084,-296.11,-37.23,1.7
alhic2302-156_2-r-38,alhic2302,156_2,r,38.0,alhic2302-156_2-r-38,128.236,128.251,128.24349999999998,128.31433753101763,128.32933753101764,128.32183753101762,0.0735,0.084,-296.61,-37.3,1.77
alhic2302-156_2-r-39,alhic2302,156_2,r,39.0,alhic2302-156_2-r-39,128.251,128.266,128.2585,128.32933753101764,128.34433753101763,128.33683753101764,0.0735,0.084,-296.93,-37.36,1.93
alhic2302-156_2-r-40,alhic2302,156_2,r,40.0,alhic2302-156_2-r-40,128.266,128.281,128.2735,128.34433753101763,128.35933753101764,128.35183753101765,0.0735,0.084,-297.74,-37.48,2.09
alhic2302-156_2-r-41,alhic2302,156_2,r,41.0,alhic2302-156_2-r-41,128.281,128.296,128.2885,128.35933753101764,128.37433753101763,128.36683753101764,0.0735,0.084,-297.76,-37.48,2.11
alhic2302-156_2-r-42,alhic2302,156_2,r,42.0,alhic2302-156_2-r-42,128.296,128.311,128.30349999999999,128.37433753101763,128.38933753101765,128.38183753101762,0.0735,0.084,-298.34,-37.56,2.12
alhic2302-156_2-r-43,alhic2302,156_2,r,43.0,alhic2302-156_2-r-43,128.311,128.326,128.3185,128.38933753101765,128.40433753101763,128.39683753101764,0.0735,0.084,-298.45,-37.57,2.11
alhic2302-156_2-r-44,alhic2302,156_2,r,44.0,alhic2302-156_2-r-44,128.326,128.341,128.33350000000002,128.40433753101763,128.41933753101765,128.41183753101765,0.0735,0.084,-298.66,-37.58,1.98
alhic2302-156_2-r-45,alhic2302,156_2,r,45.0,alhic2302-156_2-r-45,128.341,128.364,128.35250000000002,128.41933753101765,128.44233753101764,128.43083753101766,0.0735,0.084,-298.73,-37.65,2.45
alhic2302-158-l-1,alhic2302,158,l,1.0,alhic2302-158-l-1,128.696,128.708,128.702,128.7709686465587,128.78296864655871,128.77696864655871,-0.111,0.016,-295.19,-37.1,1.58
alhic2302-158-l-2,alhic2302,158,l,2.0,alhic2302-158-l-2,128.708,128.721,128.7145,128.78296864655871,128.79596864655872,128.7894686465587,-0.111,0.016,-294.93,-37.05,1.45
alhic2302-158-l-3,alhic2302,158,l,3.0,alhic2302-158-l-3,128.721,128.734,128.72750000000002,128.79596864655872,128.80896864655872,128.80246864655874,-0.111,0.016,-294.6,-37.0,1.4
alhic2302-158-l-4,alhic2302,158,l,4.0,alhic2302-158-l-4,128.734,128.747,128.7405,128.80896864655872,128.82196864655873,128.8154686465587,-0.111,0.016,-294.04,-36.9,1.15
alhic2302-158-l-5,alhic2302,158,l,5.0,alhic2302-158-l-5,128.747,128.76,128.7535,128.82196864655873,128.8349686465587,128.82846864655872,-0.111,0.016,-294.13,-36.91,1.14
alhic2302-158-l-6,alhic2302,158,l,6.0,alhic2302-158-l-6,128.76,128.773,128.7665,128.8349686465587,128.8479686465587,128.84146864655872,-0.111,0.016,-294.75,-36.97,1.04
alhic2302-158-l-7,alhic2302,158,l,7.0,alhic2302-158-l-7,128.773,128.786,128.77949999999998,128.8479686465587,128.86096864655872,128.8544686465587,-0.111,0.016,-295.61,-37.04,0.72
alhic2302-158-l-8,alhic2302,158,l,8.0,alhic2302-158-l-8,128.786,128.799,128.79250000000002,128.86096864655872,128.87396864655872,128.86746864655873,-0.111,0.016,-296.77,-37.19,0.76
alhic2302-158-l-9,alhic2302,158,l,9.0,alhic2302-158-l-9,128.799,128.812,128.8055,128.87396864655872,128.88696864655873,128.8804686465587,-0.111,0.016,-297.1,-37.18,0.33
alhic2302-158-l-10,alhic2302,158,l,10.0,alhic2302-158-l-10,128.812,128.825,128.8185,128.88696864655873,128.8999686465587,128.89346864655872,-0.111,0.016,-297.68,-37.29,0.6
alhic2302-158-l-11,alhic2302,158,l,11.0,alhic2302-158-l-11,128.825,128.838,128.8315,128.8999686465587,128.9129686465587,128.90646864655872,-0.111,0.016,-297.3,-37.25,0.69
alhic2302-158-l-12,alhic2302,158,l,12.0,alhic2302-158-l-12,128.838,128.851,128.84449999999998,128.9129686465587,128.92596864655872,128.9194686465587,-0.111,0.016,-296.71,-37.14,0.43
alhic2302-158-l-13,alhic2302,158,l,13.0,alhic2302-158-l-13,128.851,128.864,128.85750000000002,128.92596864655872,128.93896864655872,128.93246864655873,-0.111,0.016,-297.01,-37.2,0.58
alhic2302-158-l-14,alhic2302,158,l,14.0,alhic2302-158-l-14,128.864,128.877,128.8705,128.93896864655872,128.95196864655873,128.9454686465587,-0.111,0.016,-297.9,-37.27,0.28
alhic2302-158-l-15,alhic2302,158,l,15.0,alhic2302-158-l-15,128.877,128.89,128.8835,128.95196864655873,128.9649686465587,128.9584686465587,-0.111,0.016,-297.08,-37.22,0.72
alhic2302-158-l-16,alhic2302,158,l,16.0,alhic2302-158-l-16,128.89,128.903,128.8965,128.9649686465587,128.9779686465587,128.97146864655872,-0.111,0.016,-296.04,-37.06,0.44
alhic2302-158-l-17,alhic2302,158,l,17.0,alhic2302-158-l-17,128.903,128.916,128.90949999999998,128.9779686465587,128.9909686465587,128.9844686465587,-0.111,0.016,-295.9,-37.06,0.62
alhic2302-158-l-18,alhic2302,158,l,18.0,alhic2302-158-l-18,128.916,128.929,128.9225,128.9909686465587,129.00396864655872,128.99746864655873,-0.111,0.016,-295.31,-37.0,0.69
alhic2302-158-l-19,alhic2302,158,l,19.0,alhic2302-158-l-19,128.929,128.942,128.9355,129.00396864655872,129.01696864655872,129.0104686465587,-0.111,0.016,-295.23,-37.01,0.85
alhic2302-158-l-20,alhic2302,158,l,20.0,alhic2302-158-l-20,128.942,128.955,128.94850000000002,129.01696864655872,129.02996864655873,129.02346864655874,-0.111,0.016,-294.43,-36.91,0.81
alhic2302-158-l-21,alhic2302,158,l,21.0,alhic2302-158-l-21,128.955,128.968,128.9615,129.02996864655873,129.0429686465587,129.03646864655872,-0.111,0.016,-294.28,-36.91,1.04
alhic2302-158-l-22,alhic2302,158,l,22.0,alhic2302-158-l-22,128.968,128.981,128.97449999999998,129.0429686465587,129.0559686465587,129.0494686465587,-0.111,0.016,-294.38,-36.93,1.03
alhic2302-158-l-23,alhic2302,158,l,23.0,alhic2302-158-l-23,128.981,128.994,128.9875,129.0559686465587,129.06896864655872,129.06246864655873,-0.111,0.016,-294.54,-36.96,1.13
alhic2302-158-l-24,alhic2302,158,l,24.0,alhic2302-158-l-24,128.994,129.007,129.0005,129.06896864655872,129.08196864655872,129.0754686465587,-0.111,0.016,-294.11,-36.85,0.73
alhic2302-158-l-25,alhic2302,158,l,25.0,alhic2302-158-l-25,129.007,129.02,129.01350000000002,129.08196864655872,129.09496864655873,129.08846864655874,-0.111,0.016,-294.47,-36.96,1.2
alhic2302-158-l-26,alhic2302,158,l,26.0,alhic2302-158-l-26,129.02,129.033,129.0265,129.09496864655873,129.1079686465587,129.10146864655871,-0.111,0.016,-294.24,-36.94,1.3
alhic2302-158-l-27,alhic2302,158,l,27.0,alhic2302-158-l-27,129.033,129.046,129.03949999999998,129.1079686465587,129.1209686465587,129.1144686465587,-0.111,0.016,-294.71,-36.96,0.94
alhic2302-158-l-28,alhic2302,158,l,28.0,alhic2302-158-l-28,129.046,129.059,129.0525,129.1209686465587,129.1339686465587,129.12746864655873,-0.111,0.016,-294.98,-37.03,1.26
alhic2302-158-l-29,alhic2302,158,l,29.0,alhic2302-158-l-29,129.059,129.072,129.0655,129.1339686465587,129.14696864655872,129.1404686465587,-0.111,0.016,-293.59,-36.85,1.2
alhic2302-158-l-30,alhic2302,158,l,30.0,alhic2302-158-l-30,129.072,129.085,129.07850000000002,129.14696864655872,129.15996864655872,129.15346864655874,-0.111,0.016,-292.95,-36.74,0.99
alhic2302-158-l-31,alhic2302,158,l,31.0,alhic2302-158-l-31,129.085,129.097,129.091,129.15996864655872,129.17196864655872,129.16596864655872,-0.111,0.016,-293.18,-36.82,1.34
alhic2302-158-l-32,alhic2302,158,l,32.0,alhic2302-158-l-32,129.097,129.11,129.1035,129.17196864655872,129.18496864655873,129.1784686465587,-0.111,0.016,-292.74,-36.78,1.47
alhic2302-158-l-33,alhic2302,158,l,33.0,alhic2302-158-l-33,129.11,129.123,129.1165,129.18496864655873,129.1979686465587,129.19146864655872,-0.111,0.016,-292.63,-36.78,1.59
alhic2302-158-l-34,alhic2302,158,l,34.0,alhic2302-158-l-34,129.123,129.136,129.1295,129.1979686465587,129.2109686465587,129.20446864655872,-0.111,0.016,-292.95,-36.83,1.68
alhic2302-158-l-35,alhic2302,158,l,35.0,alhic2302-158-l-35,129.136,129.149,129.14249999999998,129.2109686465587,129.22396864655872,129.2174686465587,-0.111,0.016,-292.31,-36.74,1.58
alhic2302-158-l-36,alhic2302,158,l,36.0,alhic2302-158-l-36,129.149,129.162,129.15550000000002,129.22396864655872,129.23696864655872,129.23046864655873,-0.111,0.016,-292.32,-36.77,1.86
alhic2302-158-l-37,alhic2302,158,l,37.0,alhic2302-158-l-37,129.162,129.175,129.1685,129.23696864655872,129.24996864655873,129.2434686465587,-0.111,0.016,-291.77,-36.71,1.94
alhic2302-158-l-38,alhic2302,158,l,38.0,alhic2302-158-l-38,129.175,129.188,129.1815,129.24996864655873,129.2629686465587,129.25646864655872,-0.111,0.016,-290.96,-36.58,1.68
alhic2302-158-l-39,alhic2302,158,l,39.0,alhic2302-158-l-39,129.188,129.201,129.1945,129.2629686465587,129.2759686465587,129.26946864655872,-0.111,0.016,-291.0,-36.6,1.78
alhic2302-158-l-40,alhic2302,158,l,40.0,alhic2302-158-l-40,129.201,129.214,129.20749999999998,129.2759686465587,129.28896864655871,129.2824686465587,-0.111,0.016,-290.91,-36.61,1.98
alhic2302-158-l-41,alhic2302,158,l,41.0,alhic2302-158-l-41,129.214,129.227,129.22050000000002,129.28896864655871,129.30196864655872,129.29546864655873,-0.111,0.016,-290.59,-36.58,2.08
alhic2302-158-l-42,alhic2302,158,l,42.0,alhic2302-158-l-42,129.227,129.24,129.2335,129.30196864655872,129.31496864655873,129.3084686465587,-0.111,0.016,-290.5,-36.56,1.94
alhic2302-158-l-43,alhic2302,158,l,43.0,alhic2302-158-l-43,129.24,129.253,129.2465,129.31496864655873,129.3279686465587,129.3214686465587,-0.111,0.016,-291.0,-36.56,1.51
alhic2302-158-l-44,alhic2302,158,l,44.0,alhic2302-158-l-44,129.253,129.266,129.2595,129.3279686465587,129.3409686465587,129.33446864655872,-0.111,0.016,-291.36,-36.61,1.54
alhic2302-158-l-45,alhic2302,158,l,45.0,alhic2302-158-l-45,129.266,129.279,129.27249999999998,129.3409686465587,129.3539686465587,129.3474686465587,-0.111,0.016,-292.0,-36.7,1.59
alhic2302-158-l-46,alhic2302,158,l,46.0,alhic2302-158-l-46,129.279,129.292,129.2855,129.3539686465587,129.36696864655872,129.36046864655873,-0.111,0.016,-292.21,-36.68,1.2
alhic2302-158-l-47,alhic2302,158,l,47.0,alhic2302-158-l-47,129.292,129.305,129.2985,129.36696864655872,129.37996864655872,129.3734686465587,-0.111,0.016,-292.64,-36.7,0.99
alhic2302-158-l-48,alhic2302,158,l,48.0,alhic2302-158-l-48,129.305,129.318,129.31150000000002,129.37996864655872,129.39296864655873,129.38646864655874,-0.111,0.016,-292.93,-36.72,0.86
alhic2302-158-l-49,alhic2302,158,l,49.0,alhic2302-158-l-49,129.318,129.331,129.3245,129.39296864655873,129.4059686465587,129.39946864655872,-0.111,0.016,-293.49,-36.83,1.15
alhic2302-158-l-50,alhic2302,158,l,50.0,alhic2302-158-l-50,129.331,129.344,129.33749999999998,129.4059686465587,129.4189686465587,129.4124686465587,-0.111,0.016,-293.58,-36.83,1.08
alhic2302-158-l-51,alhic2302,158,l,51.0,alhic2302-158-l-51,129.344,129.357,129.3505,129.4189686465587,129.43196864655872,129.42546864655873,-0.111,0.016,-293.29,-36.86,1.63
alhic2302-158-l-52,alhic2302,158,l,52.0,alhic2302-158-l-52,129.357,129.37,129.3635,129.43196864655872,129.44496864655872,129.4384686465587,-0.111,0.016,-292.78,-36.76,1.34
alhic2302-158-l-53,alhic2302,158,l,53.0,alhic2302-158-l-53,129.37,129.383,129.37650000000002,129.44496864655872,129.45796864655873,129.45146864655874,-0.111,0.016,,,
alhic2302-158-l-54,alhic2302,158,l,54.0,alhic2302-158-l-54,129.383,129.396,129.3895,129.45796864655873,129.4709686465587,129.46446864655871,-0.111,0.016,-291.69,-36.67,1.63
alhic2302-158-l-55,alhic2302,158,l,55.0,alhic2302-158-l-55,129.396,129.409,129.40249999999997,129.4709686465587,129.4839686465587,129.4774686465587,-0.111,0.016,-290.65,-36.58,1.98
alhic2302-158-l-56,alhic2302,158,l,56.0,alhic2302-158-l-56,129.409,129.422,129.4155,129.4839686465587,129.4969686465587,129.49046864655872,-0.111,0.016,-290.42,-36.55,1.96
alhic2302-158-l-57,alhic2302,158,l,57.0,alhic2302-158-l-57,129.422,129.435,129.42849999999999,129.4969686465587,129.50996864655872,129.5034686465587,-0.111,0.016,-289.79,-36.43,1.68
alhic2302-158-l-58,alhic2302,158,l,58.0,alhic2302-158-l-58,129.435,129.448,129.44150000000002,129.50996864655872,129.52296864655872,129.51646864655874,-0.111,0.016,-289.59,-36.39,1.55
alhic2302-158-l-59,alhic2302,158,l,59.0,alhic2302-158-l-59,129.448,129.461,129.4545,129.52296864655872,129.53596864655873,129.5294686465587,-0.111,0.016,-289.67,-36.44,1.85
alhic2302-158-l-60,alhic2302,158,l,60.0,alhic2302-158-l-60,129.461,129.48,129.47050000000002,129.53596864655873,129.5549686465587,129.54546864655873,-0.111,0.016,-289.12,-36.4,2.05
alhic2302-158-r-1,alhic2302,158,r,1.0,alhic2302-158-r-1,128.62,128.64,128.63,128.6432526427611,128.66325264276108,128.6532526427611,0.028,0.108,,,
alhic2302-158-r-2,alhic2302,158,r,2.0,alhic2302-158-r-2,128.64,128.661,128.6505,128.66325264276108,128.6842526427611,128.6737526427611,0.028,0.108,,,
alhic2302-158-r-3,alhic2302,158,r,3.0,alhic2302-158-r-3,128.661,128.673,128.667,128.6842526427611,128.6962526427611,128.6902526427611,0.028,0.108,,,
alhic2302-158-r-4,alhic2302,158,r,4.0,alhic2302-158-r-4,128.673,128.685,128.679,128.6962526427611,128.7082526427611,128.7022526427611,0.028,0.108,,,
alhic2302-158-r-5,alhic2302,158,r,5.0,alhic2302-158-r-5,128.685,128.698,128.69150000000002,128.7082526427611,128.7212526427611,128.7147526427611,0.028,0.108,,,
alhic2302-158-r-6,alhic2302,158,r,6.0,alhic2302-158-r-6,128.698,128.71,128.704,128.7212526427611,128.7332526427611,128.7272526427611,0.028,0.108,,,
alhic2302-158-r-7,alhic2302,158,r,7.0,alhic2302-158-r-7,128.71,128.722,128.716,128.7332526427611,128.7452526427611,128.7392526427611,0.028,0.108,,,
alhic2302-158-r-8,alhic2302,158,r,8.0,alhic2302-158-r-8,128.722,128.734,128.728,128.7452526427611,128.7572526427611,128.7512526427611,0.028,0.108,,,
alhic2302-158-r-9,alhic2302,158,r,9.0,alhic2302-158-r-9,128.734,128.746,128.74,128.7572526427611,128.7692526427611,128.7632526427611,0.028,0.108,,,
alhic2302-158-r-10,alhic2302,158,r,10.0,alhic2302-158-r-10,128.746,128.758,128.752,128.7692526427611,128.7812526427611,128.7752526427611,0.028,0.108,,,
alhic2302-158-r-11,alhic2302,158,r,11.0,alhic2302-158-r-11,128.758,128.77,128.764,128.7812526427611,128.7932526427611,128.7872526427611,0.028,0.108,,,
alhic2302-158-r-12,alhic2302,158,r,12.0,alhic2302-158-r-12,128.77,128.783,128.7765,128.7932526427611,128.80625264276108,128.7997526427611,0.028,0.108,,,
alhic2302-158-r-13,alhic2302,158,r,13.0,alhic2302-158-r-13,128.783,128.795,128.789,128.80625264276108,128.81825264276108,128.81225264276108,0.028,0.108,,,
alhic2302-158-r-14,alhic2302,158,r,14.0,alhic2302-158-r-14,128.795,128.807,128.801,128.81825264276108,128.83025264276108,128.82425264276108,0.028,0.108,,,
alhic2302-158-r-15,alhic2302,158,r,15.0,alhic2302-158-r-15,128.807,128.819,128.813,128.83025264276108,128.84225264276108,128.83625264276108,0.028,0.108,,,
alhic2302-158-r-16,alhic2302,158,r,16.0,alhic2302-158-r-16,128.819,128.831,128.825,128.84225264276108,128.85425264276108,128.84825264276108,0.028,0.108,,,
alhic2302-158-r-17,alhic2302,158,r,17.0,alhic2302-158-r-17,128.831,128.843,128.837,128.85425264276108,128.86625264276108,128.86025264276108,0.028,0.108,,,
alhic2302-158-r-18,alhic2302,158,r,18.0,alhic2302-158-r-18,128.843,128.855,128.849,128.86625264276108,128.87825264276108,128.87225264276108,0.028,0.108,,,
alhic2302-158-r-19,alhic2302,158,r,19.0,alhic2302-158-r-19,128.855,128.867,128.861,128.87825264276108,128.89025264276108,128.88425264276108,0.028,0.108,,,
alhic2302-158-r-20,alhic2302,158,r,20.0,alhic2302-158-r-20,128.867,128.88,128.87349999999998,128.89025264276108,128.9032526427611,128.89675264276107,0.028,0.108,,,
alhic2302-158-r-21,alhic2302,158,r,21.0,alhic2302-158-r-21,128.88,128.892,128.886,128.9032526427611,128.9152526427611,128.9092526427611,0.028,0.108,,,
alhic2302-158-r-22,alhic2302,158,r,22.0,alhic2302-158-r-22,128.892,128.904,128.898,128.9152526427611,128.9272526427611,128.9212526427611,0.028,0.108,,,
alhic2302-158-r-23,alhic2302,158,r,23.0,alhic2302-158-r-23,128.904,128.916,128.91,128.9272526427611,128.9392526427611,128.9332526427611,0.028,0.108,,,
alhic2302-158-r-24,alhic2302,158,r,24.0,alhic2302-158-r-24,128.916,128.928,128.922,128.9392526427611,128.9512526427611,128.9452526427611,0.028,0.108,,,
alhic2302-158-r-25,alhic2302,158,r,25.0,alhic2302-158-r-25,128.928,128.94,128.934,128.9512526427611,128.9632526427611,128.9572526427611,0.028,0.108,,,
alhic2302-158-r-26,alhic2302,158,r,26.0,alhic2302-158-r-26,128.94,128.952,128.946,128.9632526427611,128.9752526427611,128.9692526427611,0.028,0.108,,,
alhic2302-158-r-27,alhic2302,158,r,27.0,alhic2302-158-r-27,128.952,128.965,128.95850000000002,128.9752526427611,128.9882526427611,128.9817526427611,0.028,0.108,,,
alhic2302-158-r-28,alhic2302,158,r,28.0,alhic2302-158-r-28,128.965,128.977,128.971,128.9882526427611,129.0002526427611,128.9942526427611,0.028,0.108,,,
alhic2302-158-r-29,alhic2302,158,r,29.0,alhic2302-158-r-29,128.977,128.989,128.983,129.0002526427611,129.0122526427611,129.0062526427611,0.028,0.108,,,
alhic2302-158-r-30,alhic2302,158,r,30.0,alhic2302-158-r-30,128.989,129.001,128.995,129.0122526427611,129.0242526427611,129.0182526427611,0.028,0.108,,,
alhic2302-158-r-31,alhic2302,158,r,31.0,alhic2302-158-r-31,129.001,129.013,129.007,129.0242526427611,129.0362526427611,129.0302526427611,0.028,0.108,,,
alhic2302-158-r-32,alhic2302,158,r,32.0,alhic2302-158-r-32,129.013,129.025,129.019,129.0362526427611,129.0482526427611,129.0422526427611,0.028,0.108,,,
alhic2302-158-r-33,alhic2302,158,r,33.0,alhic2302-158-r-33,129.025,129.037,129.031,129.0482526427611,129.0602526427611,129.0542526427611,0.028,0.108,,,
alhic2302-158-r-34,alhic2302,158,r,34.0,alhic2302-158-r-34,129.037,129.05,129.0435,129.0602526427611,129.0732526427611,129.0667526427611,0.028,0.108,,,
alhic2302-158-r-35,alhic2302,158,r,35.0,alhic2302-158-r-35,129.05,129.062,129.056,129.0732526427611,129.0852526427611,129.0792526427611,0.028,0.108,,,
alhic2302-158-r-36,alhic2302,158,r,36.0,alhic2302-158-r-36,129.062,129.074,129.068,129.0852526427611,129.0972526427611,129.0912526427611,0.028,0.108,,,
alhic2302-158-r-37,alhic2302,158,r,37.0,alhic2302-158-r-37,129.074,129.086,129.08,129.0972526427611,129.1092526427611,129.1032526427611,0.028,0.108,,,
alhic2302-158-r-38,alhic2302,158,r,38.0,alhic2302-158-r-38,129.086,129.098,129.092,129.1092526427611,129.1212526427611,129.1152526427611,0.028,0.108,,,
alhic2302-158-r-39,alhic2302,158,r,39.0,alhic2302-158-r-39,129.098,129.11,129.104,129.1212526427611,129.1332526427611,129.1272526427611,0.028,0.108,,,
alhic2302-158-r-40,alhic2302,158,r,40.0,alhic2302-158-r-40,129.11,129.122,129.116,129.1332526427611,129.1452526427611,129.1392526427611,0.028,0.108,,,
alhic2302-158-r-41,alhic2302,158,r,41.0,alhic2302-158-r-41,129.122,129.134,129.128,129.1452526427611,129.15725264276108,129.15125264276108,0.028,0.108,,,
alhic2302-158-r-42,alhic2302,158,r,42.0,alhic2302-158-r-42,129.134,129.147,129.14049999999997,129.15725264276108,129.17025264276108,129.16375264276107,0.028,0.108,,,
alhic2302-158-r-43,alhic2302,158,r,43.0,alhic2302-158-r-43,129.147,129.159,129.153,129.17025264276108,129.18225264276109,129.17625264276109,0.028,0.108,,,
alhic2302-158-r-44,alhic2302,158,r,44.0,alhic2302-158-r-44,129.159,129.171,129.165,129.18225264276109,129.19425264276109,129.18825264276109,0.028,0.108,,,
alhic2302-158-r-45,alhic2302,158,r,45.0,alhic2302-158-r-45,129.171,129.183,129.177,129.19425264276109,129.2062526427611,129.2002526427611,0.028,0.108,,,
alhic2302-158-r-46,alhic2302,158,r,46.0,alhic2302-158-r-46,129.183,129.195,129.189,129.2062526427611,129.2182526427611,129.2122526427611,0.028,0.108,,,
alhic2302-158-r-47,alhic2302,158,r,47.0,alhic2302-158-r-47,129.195,129.207,129.201,129.2182526427611,129.2302526427611,129.2242526427611,0.028,0.108,,,
alhic2302-158-r-48,alhic2302,158,r,48.0,alhic2302-158-r-48,129.207,129.219,129.213,129.2302526427611,129.2422526427611,129.2362526427611,0.028,0.108,,,
alhic2302-158-r-49,alhic2302,158,r,49.0,alhic2302-158-r-49,129.219,129.232,129.2255,129.2422526427611,129.2552526427611,129.2487526427611,0.028,0.108,,,
alhic2302-158-r-50,alhic2302,158,r,50.0,alhic2302-158-r-50,129.232,129.244,129.238,129.2552526427611,129.2672526427611,129.2612526427611,0.028,0.108,,,
alhic2302-158-r-51,alhic2302,158,r,51.0,alhic2302-158-r-51,129.244,129.256,129.25,129.2672526427611,129.2792526427611,129.2732526427611,0.028,0.108,,,
alhic2302-158-r-52,alhic2302,158,r,52.0,alhic2302-158-r-52,129.256,129.28,129.268,129.2792526427611,129.3032526427611,129.2912526427611,0.028,0.108,,,
alhic2302-159_3-l-1,alhic2302,159_3,l,1.0,alhic2302-159_3-l-1,129.822,129.833,129.8275,129.88644246899148,129.89744246899147,129.89194246899146,-0.032,0.1065,-294.75,-36.96,0.9
alhic2302-159_3-l-2,alhic2302,159_3,l,2.0,alhic2302-159_3-l-2,129.833,129.845,129.839,129.89744246899147,129.90944246899147,129.90344246899147,-0.032,0.1065,-295.12,-37.08,1.55
alhic2302-159_3-l-3,alhic2302,159_3,l,3.0,alhic2302-159_3-l-3,129.845,129.857,129.851,129.90944246899147,129.92144246899147,129.91544246899147,-0.032,0.1065,-295.41,-37.16,1.88
alhic2302-159_3-l-4,alhic2302,159_3,l,4.0,alhic2302-159_3-l-4,129.857,129.869,129.863,129.92144246899147,129.93344246899147,129.92744246899147,-0.032,0.1065,-294.93,-37.11,1.93
alhic2302-159_3-l-5,alhic2302,159_3,l,5.0,alhic2302-159_3-l-5,129.869,129.881,129.875,129.93344246899147,129.94544246899147,129.93944246899147,-0.032,0.1065,-294.83,-37.11,2.06
alhic2302-159_3-l-6,alhic2302,159_3,l,6.0,alhic2302-159_3-l-6,129.881,129.893,129.887,129.94544246899147,129.95744246899147,129.95144246899147,-0.032,0.1065,-294.39,-37.03,1.82
alhic2302-159_3-l-7,alhic2302,159_3,l,7.0,alhic2302-159_3-l-7,129.893,129.905,129.899,129.95744246899147,129.96944246899147,129.96344246899147,-0.032,0.1065,-294.37,-37.0,1.65
alhic2302-159_3-l-8,alhic2302,159_3,l,8.0,alhic2302-159_3-l-8,129.905,129.917,129.911,129.96944246899147,129.98144246899147,129.97544246899147,-0.032,0.1065,-294.61,-37.08,2.0
alhic2302-159_3-l-9,alhic2302,159_3,l,9.0,alhic2302-159_3-l-9,129.917,129.929,129.923,129.98144246899147,129.99344246899147,129.98744246899147,-0.032,0.1065,-294.35,-37.05,2.08
alhic2302-159_3-l-10,alhic2302,159_3,l,10.0,alhic2302-159_3-l-10,129.929,129.941,129.935,129.99344246899147,130.00544246899148,129.99944246899148,-0.032,0.1065,-294.5,-37.09,2.19
alhic2302-159_3-l-11,alhic2302,159_3,l,11.0,alhic2302-159_3-l-11,129.941,129.953,129.947,130.00544246899148,130.01744246899148,130.01144246899148,-0.032,0.1065,-294.32,-37.06,2.18
alhic2302-159_3-l-12,alhic2302,159_3,l,12.0,alhic2302-159_3-l-12,129.953,129.965,129.959,130.01744246899148,130.02944246899148,130.02344246899148,-0.032,0.1065,-294.53,-37.06,1.95
alhic2302-159_3-l-13,alhic2302,159_3,l,13.0,alhic2302-159_3-l-13,129.965,129.977,129.971,130.02944246899148,130.04144246899148,130.03544246899148,-0.032,0.1065,-294.33,-36.99,1.59
alhic2302-159_3-l-14,alhic2302,159_3,l,14.0,alhic2302-159_3-l-14,129.977,129.989,129.983,130.04144246899148,130.05344246899148,130.04744246899148,-0.032,0.1065,-294.33,-37.04,2.03
alhic2302-159_3-l-15,alhic2302,159_3,l,15.0,alhic2302-159_3-l-15,129.989,130.001,129.995,130.05344246899148,130.06544246899148,130.05944246899148,-0.032,0.1065,-294.68,-37.09,2.02
alhic2302-159_3-l-16,alhic2302,159_3,l,16.0,alhic2302-159_3-l-16,130.001,130.013,130.007,130.06544246899148,130.07744246899148,130.07144246899148,-0.032,0.1065,-294.86,-37.12,2.07
alhic2302-159_3-l-17,alhic2302,159_3,l,17.0,alhic2302-159_3-l-17,130.013,130.025,130.019,130.07744246899148,130.08944246899148,130.08344246899148,-0.032,0.1065,-294.8,-37.08,1.83
alhic2302-159_3-l-18,alhic2302,159_3,l,18.0,alhic2302-159_3-l-18,130.025,130.037,130.031,130.08944246899148,130.10144246899148,130.09544246899148,-0.032,0.1065,-295.0,-37.15,2.19
alhic2302-159_3-l-19,alhic2302,159_3,l,19.0,alhic2302-159_3-l-19,130.037,130.049,130.043,130.10144246899148,130.11344246899148,130.10744246899148,-0.032,0.1065,-294.91,-37.14,2.18
alhic2302-159_3-l-20,alhic2302,159_3,l,20.0,alhic2302-159_3-l-20,130.049,130.061,130.055,130.11344246899148,130.12544246899148,130.11944246899148,-0.032,0.1065,-295.18,-37.17,2.17
alhic2302-159_3-l-21,alhic2302,159_3,l,21.0,alhic2302-159_3-l-21,130.061,130.088,130.0745,130.12544246899148,130.15244246899147,130.13894246899147,-0.032,0.1065,-295.88,-37.22,1.87
alhic2302-159_3-l-22,alhic2302,159_3,l,22.0,alhic2302-159_3-l-22,130.088,130.1,130.094,130.15244246899147,130.16444246899147,130.15844246899147,-0.032,0.1065,-296.47,-37.31,2.02
alhic2302-159_3-l-23,alhic2302,159_3,l,23.0,alhic2302-159_3-l-23,130.1,130.112,130.106,130.16444246899147,130.17644246899147,130.17044246899147,-0.032,0.1065,-296.62,-37.32,1.95
alhic2302-159_3-l-24,alhic2302,159_3,l,24.0,alhic2302-159_3-l-24,130.112,130.124,130.118,130.17644246899147,130.18844246899147,130.18244246899147,-0.032,0.1065,-297.27,-37.4,1.92
alhic2302-159_3-l-25,alhic2302,159_3,l,25.0,alhic2302-159_3-l-25,130.124,130.136,130.13,130.18844246899147,130.20044246899147,130.19444246899147,-0.032,0.1065,-297.34,-37.44,2.18
alhic2302-159_3-l-26,alhic2302,159_3,l,26.0,alhic2302-159_3-l-26,130.136,130.148,130.142,130.20044246899147,130.21244246899147,130.20644246899147,-0.032,0.1065,-297.37,-37.41,1.93
alhic2302-159_3-l-27,alhic2302,159_3,l,27.0,alhic2302-159_3-l-27,130.148,130.16,130.154,130.21244246899147,130.22444246899147,130.21844246899147,-0.032,0.1065,-297.4,-37.44,2.13
alhic2302-159_3-l-28,alhic2302,159_3,l,28.0,alhic2302-159_3-l-28,130.16,130.172,130.166,130.22444246899147,130.23644246899147,130.23044246899147,-0.032,0.1065,-297.54,-37.45,2.06
alhic2302-159_3-l-29,alhic2302,159_3,l,29.0,alhic2302-159_3-l-29,130.172,130.184,130.178,130.23644246899147,130.24844246899147,130.24244246899147,-0.032,0.1065,-297.59,-37.49,2.3
alhic2302-159_3-l-30,alhic2302,159_3,l,30.0,alhic2302-159_3-l-30,130.184,130.196,130.19,130.24844246899147,130.26044246899147,130.25444246899147,-0.032,0.1065,-297.59,-37.45,2.03
alhic2302-159_3-l-31,alhic2302,159_3,l,31.0,alhic2302-159_3-l-31,130.196,130.208,130.202,130.26044246899147,130.27244246899147,130.26644246899147,-0.032,0.1065,-297.1,-37.44,2.45
alhic2302-159_3-l-32,alhic2302,159_3,l,32.0,alhic2302-159_3-l-32,130.208,130.22,130.214,130.27244246899147,130.28444246899147,130.27844246899147,-0.032,0.1065,-297.33,-37.44,2.2
alhic2302-159_3-l-33,alhic2302,159_3,l,33.0,alhic2302-159_3-l-33,130.22,130.232,130.226,130.28444246899147,130.29644246899147,130.29044246899147,-0.032,0.1065,-297.39,-37.42,2.01
alhic2302-159_3-r-1,alhic2302,159_3,r,1.0,alhic2302-159_3-r-1,129.823,129.834,129.82850000000002,129.75461982627988,129.76561982627987,129.7601198262799,0.1085,0.018,-294.98,-37.09,1.77
alhic2302-159_3-r-2,alhic2302,159_3,r,2.0,alhic2302-159_3-r-2,129.834,129.846,129.84,129.76561982627987,129.77761982627987,129.77161982627987,0.1085,0.018,-295.71,-37.21,1.96
alhic2302-159_3-r-3,alhic2302,159_3,r,3.0,alhic2302-159_3-r-3,129.846,129.857,129.8515,129.77761982627987,129.78861982627987,129.78311982627986,0.1085,0.018,-295.32,-37.13,1.69
alhic2302-159_3-r-4,alhic2302,159_3,r,4.0,alhic2302-159_3-r-4,129.857,129.869,129.863,129.78861982627987,129.80061982627987,129.79461982627987,0.1085,0.018,-295.08,-37.09,1.6
alhic2302-159_3-r-5,alhic2302,159_3,r,5.0,alhic2302-159_3-r-5,129.869,129.88,129.8745,129.80061982627987,129.81161982627987,129.80611982627988,0.1085,0.018,-295.48,-37.18,1.96
alhic2302-159_3-r-6,alhic2302,159_3,r,6.0,alhic2302-159_3-r-6,129.88,129.892,129.886,129.81161982627987,129.82361982627987,129.81761982627987,0.1085,0.018,-295.23,-37.13,1.78
alhic2302-159_3-r-7,alhic2302,159_3,r,7.0,alhic2302-159_3-r-7,129.892,129.903,129.89749999999998,129.82361982627987,129.83461982627986,129.82911982627985,0.1085,0.018,-294.91,-37.06,1.59
alhic2302-159_3-r-8,alhic2302,159_3,r,8.0,alhic2302-159_3-r-8,129.903,129.915,129.909,129.83461982627986,129.84661982627986,129.84061982627986,0.1085,0.018,-294.54,-36.99,1.4
alhic2302-159_3-r-9,alhic2302,159_3,r,9.0,alhic2302-159_3-r-9,129.915,129.926,129.9205,129.84661982627986,129.85761982627986,129.85211982627987,0.1085,0.018,-295.45,-37.15,1.76
alhic2302-159_3-r-10,alhic2302,159_3,r,10.0,alhic2302-159_3-r-10,129.926,129.938,129.932,129.85761982627986,129.86961982627986,129.86361982627986,0.1085,0.018,-294.74,-37.07,1.84
alhic2302-159_3-r-11,alhic2302,159_3,r,11.0,alhic2302-159_3-r-11,129.938,129.949,129.9435,129.86961982627986,129.88061982627988,129.87511982627987,0.1085,0.018,-294.36,-36.96,1.36
alhic2302-159_3-r-12,alhic2302,159_3,r,12.0,alhic2302-159_3-r-12,129.949,129.961,129.955,129.88061982627988,129.89261982627988,129.88661982627988,0.1085,0.018,-295.5,-37.19,2.03
alhic2302-159_3-r-13,alhic2302,159_3,r,13.0,alhic2302-159_3-r-13,129.961,129.972,129.9665,129.89261982627988,129.90361982627988,129.89811982627987,0.1085,0.018,-294.63,-37.07,1.91
alhic2302-159_3-r-14,alhic2302,159_3,r,14.0,alhic2302-159_3-r-14,129.972,129.984,129.978,129.90361982627988,129.91561982627988,129.90961982627988,0.1085,0.018,-295.14,-37.05,1.22
alhic2302-159_3-r-15,alhic2302,159_3,r,15.0,alhic2302-159_3-r-15,129.984,129.995,129.98950000000002,129.91561982627988,129.92661982627988,129.9211198262799,0.1085,0.018,-295.06,-37.07,1.53
alhic2302-159_3-r-16,alhic2302,159_3,r,16.0,alhic2302-159_3-r-16,129.995,130.007,130.001,129.92661982627988,129.93861982627988,129.93261982627988,0.1085,0.018,-295.09,-37.11,1.8
alhic2302-159_3-r-17,alhic2302,159_3,r,17.0,alhic2302-159_3-r-17,130.007,130.018,130.0125,129.93861982627988,129.94961982627987,129.94411982627986,0.1085,0.018,-294.73,-37.09,1.96
alhic2302-159_3-r-18,alhic2302,159_3,r,18.0,alhic2302-159_3-r-18,130.018,130.03,130.024,129.94961982627987,129.96161982627987,129.95561982627987,0.1085,0.018,-294.53,-37.05,1.85
alhic2302-159_3-r-19,alhic2302,159_3,r,19.0,alhic2302-159_3-r-19,130.03,130.041,130.0355,129.96161982627987,129.97261982627987,129.96711982627988,0.1085,0.018,-294.43,-37.03,1.78
alhic2302-159_3-r-20,alhic2302,159_3,r,20.0,alhic2302-159_3-r-20,130.041,130.053,130.047,129.97261982627987,129.98461982627987,129.97861982627987,0.1085,0.018,-294.26,-36.99,1.66
alhic2302-159_3-r-21,alhic2302,159_3,r,21.0,alhic2302-159_3-r-21,130.053,130.064,130.05849999999998,129.98461982627987,129.99561982627986,129.99011982627985,0.1085,0.018,-294.47,-37.04,1.85
alhic2302-159_3-r-22,alhic2302,159_3,r,22.0,alhic2302-159_3-r-22,130.064,130.076,130.07,129.99561982627986,130.00761982627986,130.00161982627986,0.1085,0.018,-293.95,-36.96,1.72
alhic2302-159_3-r-23,alhic2302,159_3,r,23.0,alhic2302-159_3-r-23,130.076,130.087,130.0815,130.00761982627986,130.01861982627986,130.01311982627988,0.1085,0.018,-294.17,-37.02,1.97
alhic2302-159_3-r-24,alhic2302,159_3,r,24.0,alhic2302-159_3-r-24,130.087,130.099,130.093,130.01861982627986,130.03061982627986,130.02461982627986,0.1085,0.018,-294.18,-37.01,1.94
alhic2302-159_3-r-25,alhic2302,159_3,r,25.0,alhic2302-159_3-r-25,130.099,130.11,130.1045,130.03061982627986,130.04161982627988,130.03611982627987,0.1085,0.018,-293.81,-36.94,1.69
alhic2302-159_3-r-26,alhic2302,159_3,r,26.0,alhic2302-159_3-r-26,130.11,130.122,130.116,130.04161982627988,130.05361982627988,130.04761982627988,0.1085,0.018,-293.21,-36.84,1.48
alhic2302-159_3-r-27,alhic2302,159_3,r,27.0,alhic2302-159_3-r-27,130.122,130.133,130.1275,130.05361982627988,130.06461982627988,130.05911982627987,0.1085,0.018,-294.37,-37.01,1.7
alhic2302-159_3-r-28,alhic2302,159_3,r,28.0,alhic2302-159_3-r-28,130.133,130.145,130.139,130.06461982627988,130.07661982627988,130.07061982627988,0.1085,0.018,-294.79,-37.07,1.78
alhic2302-159_3-r-29,alhic2302,159_3,r,29.0,alhic2302-159_3-r-29,130.145,130.156,130.15050000000002,130.07661982627988,130.08761982627988,130.0821198262799,0.1085,0.018,-294.37,-37.05,2.05
alhic2302-159_3-r-30,alhic2302,159_3,r,30.0,alhic2302-159_3-r-30,130.156,130.168,130.162,130.08761982627988,130.09961982627988,130.09361982627988,0.1085,0.018,-294.25,-37.02,1.92
alhic2302-159_3-r-31,alhic2302,159_3,r,31.0,alhic2302-159_3-r-31,130.168,130.179,130.1735,130.09961982627988,130.11061982627987,130.10511982627986,0.1085,0.018,-294.3,-37.04,2.03
alhic2302-159_3-r-32,alhic2302,159_3,r,32.0,alhic2302-159_3-r-32,130.179,130.191,130.185,130.11061982627987,130.12261982627987,130.11661982627987,0.1085,0.018,-293.94,-36.97,1.78
alhic2302-159_3-r-33,alhic2302,159_3,r,33.0,alhic2302-159_3-r-33,130.191,130.202,130.19650000000001,130.12261982627987,130.13361982627987,130.12811982627989,0.1085,0.018,-294.53,-37.07,2.04
alhic2302-159_3-r-34,alhic2302,159_3,r,34.0,alhic2302-159_3-r-34,130.202,130.218,130.20999999999998,130.13361982627987,130.14961982627986,130.14161982627985,0.1085,0.018,-295.35,-37.17,2.03
