,core,time,section,face,ACorDC,AC_col_sp,DC_col_sp,DC_volt,note,mm_per_encode_step,num_tracks,ACDC_offset,laser_offset,Y_left,Y_right,AC_edgespace,DC_edgespace,idx1_raw,idx1_rel,idx2_rel,idx3_rel,idx_abs,xmin,xmax,header,filename
260,alhic1901,2024-07-09-15-30,200_2,t,AC,10,25,1000,0,0.25,7,305,-10,43.28120312499998,159.84835156249991,18,10,177.82656250000002,0,0.0,0.0,134.42,290.64375,475.71875,22,/Users/Liam/Desktop/UW/ECM/raw_data/2024-07-09/2024-07-09-15-30-alhic1901-200_2-t.txt
262,alhic1901,2024-07-09-15-22,200_2,t,DC,10,25,1000,,0.25,7,305,-10,43.28120312499998,159.84835156249991,18,10,177.82656250000002,0,0.0,0.0,0,290.64375,475.71875,22,/Users/Liam/Desktop/UW/ECM/raw_data/2024-07-09/2024-07-09-15-22-alhic1901-200_2-t.txt
37,alhic2201,2024-03-20-13-32,10_1,r,AC,10,25,1000,,0.25,5,305,-10,63.19043749999997,130.19930859374992,18,10,52.495312500000004,0,0.0,0.0,7.54,68.07656250000001,813.1484375,22,/Users/Liam/Desktop/UW/ECM/raw_data/2024-03-20/2024-03-20-13-32-alhic2201-10_1-r.txt
21,alhic2201,2024-03-20-13-22,10_1,r,DC,10,25,1000,,0.25,6,305,-10,63.19043749999997,130.19930859374992,10,10,52.495312500000004,0,0.0,0.0,7.54,68.07656250000001,813.1484375,22,/Users/Liam/Desktop/UW/ECM/raw_data/2024-03-20/2024-03-20-13-22-alhic2201-10_1-r.txt
31,alhic2201,2024-03-20-11-28,10_1,t,AC,10,25,1000,,0.25,7,305,-10,16.66726171874999,135.41126953124993,18,10,115.99375,0,0.0,0.0,7.54,137.8,877.6671875000001,22,/Users/Liam/Desktop/UW/ECM/raw_data/2024-03-20/2024-03-20-11-28-alhic2201-10_1-t.txt
30,alhic2201,2024-03-20-11-15,10_1,t,DC,10,25,1000,,0.25,8,305,-10,16.66726171874999,135.41126953124993,18,10,115.99375,0,0.0,0.0,7.54,137.8,877.6671875000001,22,/Users/Liam/Desktop/UW/ECM/raw_data/2024-03-20/2024-03-20-11-15-alhic2201-10_1-t.txt
24,alhic2201,2024-03-20-15-21,11_1,r,AC,10,25,1000,,0.25,5,305,-10,67.38590234374998,129.4437578124999,18,10,25.2796875,0,0.0,0.0,8.34,57.432812500000004,950.434375,22,/Users/Liam/Desktop/UW/ECM/raw_data/2024-03-20/2024-03-20-15-21-alhic2201-11_1-r.txt
36,alhic2201,2024-03-20-15-11,11_1,r,DC,10,25,1000,,0.25,6,305,-10,67.38590234374998,129.4437578124999,18,10,25.2796875,0,0.0,0.0,8.34,57.432812500000004,950.434375,22,/Users/Liam/Desktop/UW/ECM/raw_data/2024-03-20/2024-03-20-15-11-alhic2201-11_1-r.txt
34,alhic2201,2024-03-20-14-20,11_1,t,AC,10,25,1000,,0.25,7,305,-10,22.308343749999988,138.62298046874994,18,10,27.856250000000003,0,0.0,0.0,8.34,77.61562500000001,919.3296875000001,22,/Users/Liam/Desktop/UW/ECM/raw_data/2024-03-20/2024-03-20-14-20-alhic2201-11_1-t.txt
19,alhic2201,2024-03-20-14-07,11_1,t,DC,10,25,1000,,0.25,8,305,-10,22.308343749999988,138.62298046874994,18,10,27.856250000000003,0,0.0,0.0,8.34,77.61562500000001,919.3296875000001,22,/Users/Liam/Desktop/UW/ECM/raw_data/2024-03-20/2024-03-20-14-07-alhic2201-11_1-t.txt
18,alhic2201,2024-03-20-15-57,12_1,r,AC,10,25,1000,,0.25,4,305,-10,69.30628124999997,128.29629296874992,18,10,47.2875,0,0.0,0.0,9.33,61.678125,810.63125,22,/Users/Liam/Desktop/UW/ECM/raw_data/2024-03-20/2024-03-20-15-57-alhic2201-12_1-r.txt
35,alhic2201,2024-03-20-15-48,12_1,r,DC,10,25,1000,,0.25,6,305,-10,69.30628124999997,128.29629296874992,18,10,47.2875,0,0.0,0.0,9.33,61.678125,810.63125,22,/Users/Liam/Desktop/UW/ECM/raw_data/2024-03-20/2024-03-20-15-48-alhic2201-12_1-r.txt
40,alhic2201,2024-03-20-14-53,12_1,t,AC,10,25,1000,,0.25,7,305,-10,18.31429296874999,138.29605468749992,18,10,0.6875,0,0.0,0.0,9.33,28.5453125,807.5375,22,/Users/Liam/Desktop/UW/ECM/raw_data/2024-03-20/2024-03-20-14-53-alhic2201-12_1-t.txt
38,alhic2201,2024-03-20-14-37,12_1,t,DC,10,25,1000,,0.25,8,305,-10,18.31429296874999,138.29605468749992,18,10,0.6875,0,0.0,0.0,9.33,28.5453125,807.5375,22,/Users/Liam/Desktop/UW/ECM/raw_data/2024-03-20/2024-03-20-14-37-alhic2201-12_1-t.txt
61,alhic2201,2024-03-21-08-32,13_1,r,AC,10,25,1000,,0.25,5,305,-10,67.72671874999997,129.67295312499994,18,10,0.434375,0,0.0,0.0,10.14,37.5203125,943.0515625,22,/Users/Liam/Desktop/UW/ECM/raw_data/2024-03-21/2024-03-21-08-32-alhic2201-13_1-r.txt
45,alhic2201,2024-03-21-08-22,13_1,r,DC,10,25,1000,,0.25,5,305,-10,67.72671874999997,129.67295312499994,18,10,0.434375,0,0.0,0.0,10.14,37.5203125,943.0515625,22,/Users/Liam/Desktop/UW/ECM/raw_data/2024-03-21/2024-03-21-08-22-alhic2201-13_1-r.txt
20,alhic2201,2024-03-20-16-24,13_1,t,AC,10,25,1000,,0.25,10,305,-10,17.85689453124999,138.55402343749992,18,10,21.70625,0,0.0,0.0,10.14,62.564062500000006,920.625,22,/Users/Liam/Desktop/UW/ECM/raw_data/2024-03-20/2024-03-20-16-24-alhic2201-13_1-t.txt
28,alhic2201,2024-03-20-16-07,13_1,t,DC,10,25,1000,,0.25,11,305,-10,17.85689453124999,138.55402343749992,18,10,21.70625,0,0.0,0.0,10.14,62.564062500000006,920.625,22,/Users/Liam/Desktop/UW/ECM/raw_data/2024-03-20/2024-03-20-16-07-alhic2201-13_1-t.txt
57,alhic2201,2024-03-21-09-00,14_1,r,AC,10,25,1000,,0.25,5,305,-10,64.43563281249996,128.92087499999994,18,10,21.629687500000003,0,0.0,0.0,11.11,46.946875000000006,600.825,22,/Users/Liam/Desktop/UW/ECM/raw_data/2024-03-21/2024-03-21-09-00-alhic2201-14_1-r.txt
66,alhic2201,2024-03-21-08-48,14_1,r,DC,10,25,1000,,0.25,7,305,-10,64.43563281249996,128.92087499999994,18,10,21.629687500000003,0,0.0,0.0,11.11,46.946875000000006,600.825,22,/Users/Liam/Desktop/UW/ECM/raw_data/2024-03-21/2024-03-21-08-48-alhic2201-14_1-r.txt
53,alhic2201,2024-03-21-08-04,14_1,t,AC,10,25,1000,,0.25,7,305,-10,22.221527343749987,137.07467187499995,18,10,18.1796875,0,0.0,0.0,11.11,18.1078125,929.3296875000001,22,/Users/Liam/Desktop/UW/ECM/raw_data/2024-03-21/2024-03-21-08-04-alhic2201-14_1-t.txt
15,alhic2201,2024-03-20-16-49,14_1,t,DC,10,25,1000,,0.25,8,305,-10,22.221527343749987,137.07467187499995,18,10,18.1796875,0,0.0,0.0,11.11,18.1078125,929.3296875000001,22,/Users/Liam/Desktop/UW/ECM/raw_data/2024-03-20/2024-03-20-16-49-alhic2201-14_1-t.txt
55,alhic2201,2024-03-21-10-33,15_1,r,AC,10,25,1000,,0.25,5,305,-10,69.29189453124997,129.54049609374994,18,10,40.29375,0,0.0,0.0,12.18,124.3484375,927.234375,22,/Users/Liam/Desktop/UW/ECM/raw_data/2024-03-21/2024-03-21-10-33-alhic2201-15_1-r.txt
50,alhic2201,2024-03-21-10-21,15_1,r,DC,10,25,1000,,0.25,7,305,-10,69.29189453124997,129.54049609374994,18,10,40.29375,0,0.0,0.0,12.18,124.3484375,927.234375,22,/Users/Liam/Desktop/UW/ECM/raw_data/2024-03-21/2024-03-21-10-21-alhic2201-15_1-r.txt
63,alhic2201,2024-03-21-09-25,15_1,t,AC,10,25,1000,,0.25,7,305,-10,15.79612109374999,136.36426562499992,18,10,19.0265625,0,0.0,0.0,12.18,91.66875,909.3156250000001,22,/Users/Liam/Desktop/UW/ECM/raw_data/2024-03-21/2024-03-21-09-25-alhic2201-15_1-t.txt
42,alhic2201,2024-03-21-09-10,15_1,t,DC,10,25,1000,,0.25,8,305,-10,15.79612109374999,136.36426562499992,18,10,19.0265625,1,0.0,0.0,12.18,91.66875,909.3156250000001,22,/Users/Liam/Desktop/UW/ECM/raw_data/2024-03-21/2024-03-21-09-10-alhic2201-15_1-t.txt
65,alhic2201,2024-03-21-11-05,16_1,r,AC,10,25,1000,,0.25,5,305,-10,36.17714062499998,100.87223046874995,18,10,43.40625,0,0.0,0.0,13.1,83.46406250000001,878.240625,22,/Users/Liam/Desktop/UW/ECM/raw_data/2024-03-21/2024-03-21-11-05-alhic2201-16_1-r.txt
67,alhic2201,2024-03-21-10-54,16_1,r,DC,10,25,1000,,0.25,7,305,-10,36.17714062499998,100.87223046874995,18,10,43.40625,0,0.0,0.0,13.1,83.46406250000001,878.240625,22,/Users/Liam/Desktop/UW/ECM/raw_data/2024-03-21/2024-03-21-10-54-alhic2201-16_1-r.txt
62,alhic2201,2024-03-21-10-06,16_1,t,AC,10,25,1000,,0.25,7,305,-10,16.827499999999993,134.12390624999992,18,10,19.78125,0,0.0,0.0,13.1,62.221875000000004,846.2265625,22,/Users/Liam/Desktop/UW/ECM/raw_data/2024-03-21/2024-03-21-10-06-alhic2201-16_1-t.txt
58,alhic2201,2024-03-21-09-40,16_1,t,DC,10,25,1000,,0.25,8,305,-10,16.827499999999993,134.12390624999992,18,10,19.78125,0,0.0,0.0,13.1,62.221875000000004,846.2265625,22,/Users/Liam/Desktop/UW/ECM/raw_data/2024-03-21/2024-03-21-09-40-alhic2201-16_1-t.txt
41,alhic2201,2024-03-21-13-15,18_1,r,AC,10,25,1000,,0.25,5,305,-10,38.47157421874998,101.34203124999995,18,10,52.2078125,0,0.0,0.0,14.9,81.8015625,849.54375,22,/Users/Liam/Desktop/UW/ECM/raw_data/2024-03-21/2024-03-21-13-15-alhic2201-18_1-r.txt
59,alhic2201,2024-03-21-13-05,18_1,r,DC,10,25,1000,,0.25,7,305,-10,38.47157421874998,101.34203124999995,18,10,52.2078125,0,0.0,0.0,14.9,81.8015625,849.54375,22,/Users/Liam/Desktop/UW/ECM/raw_data/2024-03-21/2024-03-21-13-05-alhic2201-18_1-r.txt
64,alhic2201,2024-03-21-11-30,18_1,t,AC,10,25,1000,,0.25,7,305,-10,19.30896093749999,138.23354687499992,18,10,45.4578125,0,0.0,0.0,14.9,75.95156250000001,851.6890625000001,22,/Users/Liam/Desktop/UW/ECM/raw_data/2024-03-21/2024-03-21-11-30-alhic2201-18_1-t.txt
52,alhic2201,2024-03-21-11-17,18_1,t,DC,10,25,1000,,0.25,8,305,-10,19.30896093749999,138.23354687499992,18,10,45.4578125,0,0.0,0.0,14.9,75.95156250000001,851.6890625000001,22,/Users/Liam/Desktop/UW/ECM/raw_data/2024-03-21/2024-03-21-11-17-alhic2201-18_1-t.txt
51,alhic2201,2024-03-21-14-08,19_1,r,AC,10,25,1000,tephra layer around 40cm depth,0.25,6,305,-10,32.500093749999984,101.49978906249994,18,10,36.859375,0,0.0,0.0,15.73,48.515625,839.7015625,22,/Users/Liam/Desktop/UW/ECM/raw_data/2024-03-21/2024-03-21-14-08-alhic2201-19_1-r.txt
48,alhic2201,2024-03-21-13-54,19_1,r,DC,10,25,1000,,0.25,8,305,-10,30.483472656249983,101.53798828124995,18,10,36.8578125,0,0.0,0.0,15.73,48.5046875,839.7234375,22,/Users/Liam/Desktop/UW/ECM/raw_data/2024-03-21/2024-03-21-13-54-alhic2201-19_1-r.txt
47,alhic2201,2024-03-21-12-00,19_1,t,AC,10,25,1000,,0.25,7,305,-10,21.43075390624999,136.82960156249993,18,10,17.2015625,0,0.0,0.0,15.73,41.5859375,798.88125,22,/Users/Liam/Desktop/UW/ECM/raw_data/2024-03-21/2024-03-21-12-00-alhic2201-19_1-t.txt
43,alhic2201,2024-03-21-11-45,19_1,t,DC,10,25,1000,,0.25,8,305,-10,21.43075390624999,136.82960156249993,18,10,17.2015625,0,0.0,0.0,15.73,41.5859375,798.88125,22,/Users/Liam/Desktop/UW/ECM/raw_data/2024-03-21/2024-03-21-11-45-alhic2201-19_1-t.txt
10,alhic2201,2024-03-19-10-57,1_1,r,AC,10,25,1000,,0.25,6,332,-10,20.59582812499999,85.59303906249995,15,10,83.28437500000001,0,0.0,0.0,0,100.2421875,842.371875,22,/Users/Liam/Desktop/UW/ECM/raw_data/2024-03-19/2024-03-19-10-57-alhic2201-1_1-r.txt
9,alhic2201,2024-03-19-11-12,1_1,r,DC,10,25,1000,,0.25,7,332,-10,22.01912109374999,84.90297265624994,15,10,84.15468750000001,0,0.0,0.0,0,98.6421875,843.7546875,22,/Users/Liam/Desktop/UW/ECM/raw_data/2024-03-19/2024-03-19-11-12-alhic2201-1_1-r.txt
2,alhic2201,2024-03-19-09-52,1_1,t,AC,10,25,1000,trying again,0.25,11,332,-10,8.727777343749997,119.32294921874993,15,10,77.61562500000001,0,0.0,0.0,0,77.32656250000001,826.5875000000001,22,/Users/Liam/Desktop/UW/ECM/raw_data/2024-03-19/2024-03-19-09-52-alhic2201-1_1-t.txt
7,alhic2201,2024-03-19-10-19,1_1,t,DC,10,25,1000,first dc attempt,0.25,12,332,-10,9.515078124999995,121.62184765624994,15,10,101.7359375,0,0.0,0.0,0,101.734375,852.1390625,22,/Users/Liam/Desktop/UW/ECM/raw_data/2024-03-19/2024-03-19-10-19-alhic2201-1_1-t.txt
56,alhic2201,2024-03-21-16-32,20_1,r,AC,10,25,1000,,0.25,5,305,-10,37.85393749999999,101.37427734374994,18,10,14.125,0,0.0,0.0,16.69,68.96718750000001,649.75625,22,/Users/Liam/Desktop/UW/ECM/raw_data/2024-03-21/2024-03-21-16-32-alhic2201-20_1-r.txt
44,alhic2201,2024-03-21-16-22,20_1,r,DC,10,25,1000,,0.25,7,305,-10,37.85393749999999,101.37427734374994,18,10,14.125,0,0.0,0.0,16.69,68.96718750000001,649.75625,22,/Users/Liam/Desktop/UW/ECM/raw_data/2024-03-21/2024-03-21-16-22-alhic2201-20_1-r.txt
54,alhic2201,2024-03-21-13-39,20_1,t,AC,10,25,1000,,0.25,7,305,-10,16.22772265624999,137.86197265624992,18,10,30.993750000000002,0,0.0,0.0,16.69,70.7125,655.1609375,22,/Users/Liam/Desktop/UW/ECM/raw_data/2024-03-21/2024-03-21-13-39-alhic2201-20_1-t.txt
60,alhic2201,2024-03-21-13-28,20_1,t,DC,10,25,1000,,0.25,8,305,-10,16.22772265624999,137.86197265624992,18,10,30.993750000000002,0,0.0,0.0,16.69,70.7125,655.1609375,22,/Users/Liam/Desktop/UW/ECM/raw_data/2024-03-21/2024-03-21-13-28-alhic2201-20_1-t.txt
92,alhic2201,2024-03-22-08-16,21_2,r,AC,10,25,1000,,0.25,5,305,-10,70.14666406249997,135.69453906249993,18,10,55.878125000000004,0,0.0,0.0,17.65,68.7375,849.91875,22,/Users/Liam/Desktop/UW/ECM/raw_data/2024-03-22/2024-03-22-08-16-alhic2201-21_2-r.txt
81,alhic2201,2024-03-22-08-05,21_2,r,DC,10,25,1000,,0.25,7,305,-10,70.14666406249997,135.69453906249993,18,10,55.878125000000004,0,0.0,0.0,17.65,68.7375,849.91875,22,/Users/Liam/Desktop/UW/ECM/raw_data/2024-03-22/2024-03-22-08-05-alhic2201-21_2-r.txt
46,alhic2201,2024-03-21-16-03,21_2,t,AC,10,25,1000,,0.25,7,305,-10,24.10469921874999,132.33598437499992,18,10,22.6046875,0,0.0,0.0,17.65,31.3,827.5968750000001,22,/Users/Liam/Desktop/UW/ECM/raw_data/2024-03-21/2024-03-21-16-03-alhic2201-21_2-t.txt
49,alhic2201,2024-03-21-15-42,21_2,t,DC,10,25,1000,,0.25,12,305,-10,24.38846484374999,134.88292968749994,18,10,57.712500000000006,0,0.0,0.0,17.65,80.37343750000001,861.0875000000001,22,/Users/Liam/Desktop/UW/ECM/raw_data/2024-03-21/2024-03-21-15-42-alhic2201-21_2-t.txt
70,alhic2201,2024-03-22-10-07,22_1,r,AC,10,25,1000,,0.25,6,305,-10,69.96906249999996,136.55972656249992,18,10,9.078125,0,0.0,0.0,18.57,38.448437500000004,926.709375,22,/Users/Liam/Desktop/UW/ECM/raw_data/2024-03-22/2024-03-22-10-07-alhic2201-22_1-r.txt
69,alhic2201,2024-03-22-10-02,22_1,r,DC,10,25,1000,,0.25,7,305,-10,69.96906249999996,136.55972656249992,18,10,9.078125,0,0.0,0.0,18.52,38.448437500000004,926.709375,22,/Users/Liam/Desktop/UW/ECM/raw_data/2024-03-22/2024-03-22-10-02-alhic2201-22_1-r.txt
76,alhic2201,2024-03-22-09-52,22_1,r,DC,10,25,1000,,0.25,7,305,-10,69.96906249999996,136.55972656249992,18,10,9.078125,0,0.0,0.0,18.52,38.448437500000004,926.709375,22,/Users/Liam/Desktop/UW/ECM/raw_data/2024-03-22/2024-03-22-09-52-alhic2201-22_1-r.txt
85,alhic2201,2024-03-22-09-42,22_1,r,DC,10,25,1000,,0.25,7,305,-10,71.58732031249997,135.55067187499992,18,10,78.71406250000001,0,0.0,0.0,18.52,108.5328125,1001.2890625,22,/Users/Liam/Desktop/UW/ECM/raw_data/2024-03-22/2024-03-22-09-42-alhic2201-22_1-r.txt
83,alhic2201,2024-03-22-08-41,22_1,t,AC,10,25,1000,,0.25,7,305,-10,24.720351562499985,140.8459765624999,18,10,19.56875,0,0.0,0.0,18.52,41.521875,948.78125,22,/Users/Liam/Desktop/UW/ECM/raw_data/2024-03-22/2024-03-22-08-41-alhic2201-22_1-t.txt
73,alhic2201,2024-03-22-08-28,22_1,t,DC,10,25,1000,,0.25,8,305,-10,24.720351562499985,140.8459765624999,18,10,19.56875,0,0.0,0.0,18.52,41.521875,948.78125,22,/Users/Liam/Desktop/UW/ECM/raw_data/2024-03-22/2024-03-22-08-28-alhic2201-22_1-t.txt
78,alhic2201,2024-03-22-10-31,23_1,r,AC,10,25,1000,,0.25,5,305,-10,40.177640624999974,104.24021093749995,18,10,22.567187500000003,0,0.0,0.0,19.47,47.8125,783.309375,22,/Users/Liam/Desktop/UW/ECM/raw_data/2024-03-22/2024-03-22-10-31-alhic2201-23_1-r.txt
82,alhic2201,2024-03-22-10-20,23_1,r,DC,10,25,1000,,0.25,7,305,-10,40.177640624999974,104.24021093749995,18,10,22.567187500000003,0,0.0,0.0,19.47,47.8125,783.309375,22,/Users/Liam/Desktop/UW/ECM/raw_data/2024-03-22/2024-03-22-10-20-alhic2201-23_1-r.txt
77,alhic2201,2024-03-22-09-24,23_1,t,AC,10,25,1000,,0.25,7,305,-10,15.628937499999992,134.58180078124994,18,10,47.878125000000004,0,0.0,0.0,19.47,75.8125,823.053125,22,/Users/Liam/Desktop/UW/ECM/raw_data/2024-03-22/2024-03-22-09-24-alhic2201-23_1-t.txt
91,alhic2201,2024-03-22-09-14,23_1,t,DC,10,25,1000,,0.25,8,305,-10,15.628937499999992,134.58180078124994,18,10,47.878125000000004,0,0.0,0.0,19.47,75.8125,823.053125,22,/Users/Liam/Desktop/UW/ECM/raw_data/2024-03-22/2024-03-22-09-14-alhic2201-23_1-t.txt
71,alhic2201,2024-03-22-13-33,24_1,r,AC,10,25,1000,,0.25,5,305,-10,73.57268749999996,134.7043359374999,18,10,35.167187500000004,0,0.0,0.0,20.29,55.8890625,902.8687500000001,22,/Users/Liam/Desktop/UW/ECM/raw_data/2024-03-22/2024-03-22-13-33-alhic2201-24_1-r.txt
89,alhic2201,2024-03-22-13-22,24_1,r,DC,10,25,1000,,0.25,7,305,-10,73.57268749999996,134.7043359374999,18,10,35.167187500000004,0,0.0,0.0,20.29,55.8890625,902.8687500000001,22,/Users/Liam/Desktop/UW/ECM/raw_data/2024-03-22/2024-03-22-13-22-alhic2201-24_1-r.txt
75,alhic2201,2024-03-22-11-14,24_1,t,AC,10,25,1000,,0.25,7,305,-10,21.963558593749987,137.96813671874995,18,10,41.6953125,0,0.0,0.0,20.29,59.807812500000004,867.9265625,22,/Users/Liam/Desktop/UW/ECM/raw_data/2024-03-22/2024-03-22-11-14-alhic2201-24_1-t.txt
80,alhic2201,2024-03-22-10-49,24_1,t,DC,10,25,1000,,0.25,12,305,-10,21.34344140624999,139.6206249999999,18,10,41.396875,0,0.0,0.0,20.29,72.5046875,910.45,22,/Users/Liam/Desktop/UW/ECM/raw_data/2024-03-22/2024-03-22-10-49-alhic2201-24_1-t.txt
88,alhic2201,2024-03-22-11-01,24_1,t,DC,10,25,1000,,0.25,8,305,-10,21.34344140624999,139.6206249999999,18,10,41.396875,0,0.0,0.0,20.29,72.5046875,910.45,22,/Users/Liam/Desktop/UW/ECM/raw_data/2024-03-22/2024-03-22-11-01-alhic2201-24_1-t.txt
72,alhic2201,2024-03-22-13-58,25_1,r,AC,10,25,1000,,0.25,5,305,-10,38.75782031249998,104.09435937499994,18,10,0.0,0,0.0,0.0,21.28,45.4359375,798.209375,22,/Users/Liam/Desktop/UW/ECM/raw_data/2024-03-22/2024-03-22-13-58-alhic2201-25_1-r.txt
84,alhic2201,2024-03-22-13-48,25_1,r,DC,10,25,1000,,0.25,7,305,-10,38.75782031249998,104.09435937499994,18,10,0.0,0,0.0,0.0,21.28,45.4359375,798.209375,22,/Users/Liam/Desktop/UW/ECM/raw_data/2024-03-22/2024-03-22-13-48-alhic2201-25_1-r.txt
87,alhic2201,2024-03-22-13-07,25_1,t,AC,10,25,1000,,0.25,7,305,-10,21.29829687499999,136.67283593749994,18,10,18.3625,0,0.0,0.0,21.28,62.3796875,826.171875,22,/Users/Liam/Desktop/UW/ECM/raw_data/2024-03-22/2024-03-22-13-07-alhic2201-25_1-t.txt
68,alhic2201,2024-03-22-12-55,25_1,t,DC,10,25,1000,,0.25,8,305,-10,21.29829687499999,136.67283593749994,18,10,18.3625,0,0.0,0.0,21.28,62.3796875,826.171875,22,/Users/Liam/Desktop/UW/ECM/raw_data/2024-03-22/2024-03-22-12-55-alhic2201-25_1-t.txt
90,alhic2201,2024-03-22-15-00,26_1,r,AC,10,25,1000,,0.25,5,305,-10,42.133242187499974,106.21664843749996,18,10,7.6234375000000005,0,0.0,0.0,22.1,151.353125,781.3468750000001,22,/Users/Liam/Desktop/UW/ECM/raw_data/2024-03-22/2024-03-22-15-00-alhic2201-26_1-r.txt
86,alhic2201,2024-03-22-14-51,26_1,r,DC,10,25,1000,,0.25,7,305,-10,42.133242187499974,106.21664843749996,18,10,7.6234375000000005,0,0.0,0.0,22.1,151.353125,781.3468750000001,22,/Users/Liam/Desktop/UW/ECM/raw_data/2024-03-22/2024-03-22-14-51-alhic2201-26_1-r.txt
79,alhic2201,2024-03-22-14-32,26_1,t,AC,10,25,1000,,0.25,7,305,-10,14.915554687499991,138.21717578124992,18,10,18.2578125,0,0.0,0.0,22.1,129.4484375,973.5968750000001,22,/Users/Liam/Desktop/UW/ECM/raw_data/2024-03-22/2024-03-22-14-32-alhic2201-26_1-t.txt
74,alhic2201,2024-03-22-14-12,26_1,t,DC,10,25,1000,,0.25,13,305,-10,14.915554687499991,138.21717578124992,18,10,18.2578125,0,0.0,0.0,22.1,129.4484375,973.5968750000001,22,/Users/Liam/Desktop/UW/ECM/raw_data/2024-03-22/2024-03-22-14-12-alhic2201-26_1-t.txt
12,alhic2201,2024-03-19-13-55,2_1,r,AC,10,25,1000,,0.25,5,305,-10,34.33960937499998,100.89554687499995,18,10,12.1671875,0,0.0,0.0,.77,27.275000000000002,1087.5984375,22,/Users/Liam/Desktop/UW/ECM/raw_data/2024-03-19/2024-03-19-13-55-alhic2201-2_1-r.txt
11,alhic2201,2024-03-19-13-41,2_1,r,DC,10,25,1000,,0.25,6,305,-10,34.33960937499998,100.89554687499995,18,10,12.1671875,0,0.0,0.0,.77,27.275000000000002,1087.5984375,22,/Users/Liam/Desktop/UW/ECM/raw_data/2024-03-19/2024-03-19-13-41-alhic2201-2_1-r.txt
8,alhic2201,2024-03-19-12-52,2_1,t,AC,10,25,1000,first run. changed acdc spacing,0.25,8,305,-10,2.733972656249999,123.52089453124994,18,10,6.4109375,0,0.0,0.0,.77,29.209375,825.4406250000001,22,/Users/Liam/Desktop/UW/ECM/raw_data/2024-03-19/2024-03-19-12-52-alhic2201-2_1-t.txt
6,alhic2201,2024-03-19-13-16,2_1,t,DC,10,25,1000,,0.25,9,305,-10,4.259957031249997,123.70395312499993,18,10,5.0484375,0,0.0,0.0,.77,26.059375000000003,822.8421875,22,/Users/Liam/Desktop/UW/ECM/raw_data/2024-03-19/2024-03-19-13-16-alhic2201-2_1-t.txt
5,alhic2201,2024-03-19-15-32,4_2,r,AC,10,25,1000,,0.25,4,305,-10,38.92996484374998,103.86169140624995,18,10,216.8078125,0,0.0,0.0,2.58,223.3453125,896.2734375,22,/Users/Liam/Desktop/UW/ECM/raw_data/2024-03-19/2024-03-19-15-32-alhic2201-4_2-r.txt
0,alhic2201,2024-03-19-15-17,4_2,r,DC,10,25,1000,,0.25,5,305,-10,38.92996484374998,103.86169140624995,18,10,216.8078125,0,0.0,0.0,2.58,223.3453125,896.2734375,22,/Users/Liam/Desktop/UW/ECM/raw_data/2024-03-19/2024-03-19-15-17-alhic2201-4_2-r.txt
1,alhic2201,2024-03-19-14-51,4_2,t,AC,10,25,1000,,0.25,8,305,-10,22.45022656249999,142.61951171874992,18,10,166.16875000000002,0,0.0,0.0,2.58,203.08281250000002,854.896875,22,/Users/Liam/Desktop/UW/ECM/raw_data/2024-03-19/2024-03-19-14-51-alhic2201-4_2-t.txt
13,alhic2201,2024-03-19-14-33,4_2,t,DC,10,25,1000,,0.25,9,305,-10,21.52401953124999,142.50392187499995,18,10,164.4234375,0,0.0,0.0,2.58,202.6484375,854.621875,22,/Users/Liam/Desktop/UW/ECM/raw_data/2024-03-19/2024-03-19-14-33-alhic2201-4_2-t.txt
17,alhic2201,2024-03-20-08-36,5_1,r,AC,10,25,1000,,0.25,5,305,-10,39.29806640624998,104.52348046874994,17,10,4.6875,0,0.0,0.0,3.27,45.5984375,1113.35625,22,/Users/Liam/Desktop/UW/ECM/raw_data/2024-03-20/2024-03-20-08-36-alhic2201-5_1-r.txt
22,alhic2201,2024-03-20-08-25,5_1,r,DC,10,25,1000,,0.25,6,305,-10,39.29806640624998,104.52348046874994,17,10,4.6875,0,0.0,0.0,3.27,45.5984375,1113.35625,22,/Users/Liam/Desktop/UW/ECM/raw_data/2024-03-20/2024-03-20-08-25-alhic2201-5_1-r.txt
4,alhic2201,2024-03-19-16-15,5_1,t,AC,10,25,1000,,0.25,9,305,-10,24.166214843749987,138.22759374999993,17,10,11.481250000000001,0,0.0,0.0,3.27,18.290625000000002,1132.4515625000001,22,/Users/Liam/Desktop/UW/ECM/raw_data/2024-03-19/2024-03-19-16-15-alhic2201-5_1-t.txt
3,alhic2201,2024-03-19-15-51,5_1,t,DC,10,25,1000,,0.25,10,305,-10,23.76041015624999,137.45418359374992,17,10,11.971875,0,0.0,0.0,3.27,15.2109375,1138.8328125,22,/Users/Liam/Desktop/UW/ECM/raw_data/2024-03-19/2024-03-19-15-51-alhic2201-5_1-t.txt
14,alhic2201,2024-03-20-10-14,7_1,r,AC,10,25,1000,,0.25,5,305,-10,39.09615624999998,102.88686718749996,17,10,17.6125,0,0.0,0.0,4.66,17.609375,1011.528125,22,/Users/Liam/Desktop/UW/ECM/raw_data/2024-03-20/2024-03-20-10-14-alhic2201-7_1-r.txt
23,alhic2201,2024-03-20-10-03,7_1,r,DC,10,25,1000,,0.25,5,305,-10,39.09615624999998,102.88686718749996,17,10,17.6125,0,0.0,0.0,4.66,17.609375,1011.528125,22,/Users/Liam/Desktop/UW/ECM/raw_data/2024-03-20/2024-03-20-10-03-alhic2201-7_1-r.txt
27,alhic2201,2024-03-20-09-08,7_1,t,AC,10,25,1000,,0.25,8,305,-10,22.38920703124999,140.84299999999993,17,10,22.8671875,0,0.0,0.0,4.66,33.578125,1004.6281250000001,22,/Users/Liam/Desktop/UW/ECM/raw_data/2024-03-20/2024-03-20-09-08-alhic2201-7_1-t.txt
33,alhic2201,2024-03-20-08-48,7_1,t,DC,10,25,1000,,0.25,11,305,-10,22.38920703124999,140.84299999999993,17,10,22.8671875,0,0.0,0.0,4.66,33.578125,1004.6281250000001,22,/Users/Liam/Desktop/UW/ECM/raw_data/2024-03-20/2024-03-20-08-48-alhic2201-7_1-t.txt
16,alhic2201,2024-03-20-09-43,8_1,t,AC,10,25,1000,,0.25,8,305,-10,27.162124999999985,136.84001953124994,17,10,56.4765625,0,0.0,0.0,5.69,87.07343750000001,957.4390625000001,22,/Users/Liam/Desktop/UW/ECM/raw_data/2024-03-20/2024-03-20-09-43-alhic2201-8_1-t.txt
29,alhic2201,2024-03-20-09-29,8_1,t,DC,10,25,1000,,0.25,8,305,-10,27.162124999999985,136.84001953124994,17,10,56.4765625,0,0.0,0.0,5.69,87.07343750000001,957.4390625000001,22,/Users/Liam/Desktop/UW/ECM/raw_data/2024-03-20/2024-03-20-09-29-alhic2201-8_1-t.txt
32,alhic2201,2024-03-20-12-02,9_1,r,AC,10,25,1000,,0.25,6,305,-10,34.06923828124998,100.22036328124994,10,10,9.043750000000001,0,0.0,0.0,6.56,264.1171875,899.8125,22,/Users/Liam/Desktop/UW/ECM/raw_data/2024-03-20/2024-03-20-12-02-alhic2201-9_1-r.txt
39,alhic2201,2024-03-20-11-45,9_1,r,DC,10,25,1000,,0.25,5,305,-10,34.06923828124998,100.22036328124994,14,10,9.043750000000001,0,0.0,0.0,6.56,264.1171875,899.8125,22,/Users/Liam/Desktop/UW/ECM/raw_data/2024-03-20/2024-03-20-11-45-alhic2201-9_1-r.txt
26,alhic2201,2024-03-20-10-58,9_1,t,AC,10,25,1000,,0.25,7,305,-10,26.285527343749987,139.57944921874994,17,10,28.4640625,0,0.0,0.0,6.56,43.665625000000006,1044.3015625,22,/Users/Liam/Desktop/UW/ECM/raw_data/2024-03-20/2024-03-20-10-58-alhic2201-9_1-t.txt
25,alhic2201,2024-03-20-10-41,9_1,t,DC,10,25,1000,,0.25,10,305,-10,26.285527343749987,139.57944921874994,17,10,28.4640625,0,0.0,0.0,6.56,43.665625000000006,1044.3015625,22,/Users/Liam/Desktop/UW/ECM/raw_data/2024-03-20/2024-03-20-10-41-alhic2201-9_1-t.txt
323,alhic2302,2024-07-17-09-58,10,l,AC,10,25,1000,,0.25,7,305,-10,43.23109765624997,169.4775312499999,18,10,23.44375,,0.0,0.0,8.46,35.0796875,837.7984375000001,22,/Users/Liam/Desktop/UW/ECM/raw_data/2024-07-17/2024-07-17-09-58-alhic2302-10-l.txt
324,alhic2302,2024-07-17-09-44,10,l,DC,10,25,1000,,0.25,8,305,-10,43.23109765624997,169.4775312499999,18,10,23.44375,0,0.0,0.0,8.46,35.0796875,837.7984375000001,22,/Users/Liam/Desktop/UW/ECM/raw_data/2024-07-17/2024-07-17-09-44-alhic2302-10-l.txt
326,alhic2302,2024-07-17-08-54,10,t,AC,10,25,1000,,0.25,7,305,-10,54.48200781249997,182.1373476562499,18,10,29.4328125,0,0.0,0.0,8.46,59.3796875,827.8703125000001,22,/Users/Liam/Desktop/UW/ECM/raw_data/2024-07-17/2024-07-17-08-54-alhic2302-10-t.txt
321,alhic2302,2024-07-17-08-28,10,t,DC,10,25,1000,lots of small cracks. largest lengthwise down middle of core.,0.25,8,305,-10,54.48200781249997,182.1373476562499,18,10,29.4328125,0,0.0,0.0,8.46,59.3796875,827.8703125000001,22,/Users/Liam/Desktop/UW/ECM/raw_data/2024-07-17/2024-07-17-08-28-alhic2302-10-t.txt
322,alhic2302,2024-07-17-09-21,11,t,AC,10,25,1000,,0.25,7,305,-10,23.11945703124999,153.0349999999999,18,10,1.7046875000000001,0,0.0,0.0,9.37,22.596875,1018.8109375,22,/Users/Liam/Desktop/UW/ECM/raw_data/2024-07-17/2024-07-17-09-21-alhic2302-11-t.txt
325,alhic2302,2024-07-17-09-08,11,t,DC,10,25,1000,,0.25,8,305,-10,23.11945703124999,153.0349999999999,18,10,1.7046875000000001,0,0.0,0.0,9.37,22.596875,1018.8109375,22,/Users/Liam/Desktop/UW/ECM/raw_data/2024-07-17/2024-07-17-09-08-alhic2302-11-t.txt
315,alhic2302,2024-07-16-13-27,12,l,AC,10,25,1000,,0.25,7,305,-10,41.57860937499998,168.1251796874999,18,10,19.1328125,0,0.0,0.0,10.37,179.9171875,1021.1484375,22,/Users/Liam/Desktop/UW/ECM/raw_data/2024-07-16/2024-07-16-13-27-alhic2302-12-l.txt
312,alhic2302,2024-07-16-13-14,12,l,DC,10,25,1000,one pebble 20cm from bottom. small cracks,0.25,8,305,-10,41.57860937499998,168.1251796874999,18,10,19.1328125,0,0.0,0.0,10.37,179.9171875,1021.1484375,22,/Users/Liam/Desktop/UW/ECM/raw_data/2024-07-16/2024-07-16-13-14-alhic2302-12-l.txt
320,alhic2302,2024-07-16-14-32,12,t,AC,10,25,1000,,0.25,7,305,-10,58.26422656249997,179.1979921874999,18,10,31.078125,0,0.0,0.0,10.37,88.6140625,1041.7328125000001,22,/Users/Liam/Desktop/UW/ECM/raw_data/2024-07-16/2024-07-16-14-32-alhic2302-12-t.txt
313,alhic2302,2024-07-16-14-14,12,t,DC,10,25,1000,MIGHT ACTUALLY BE TOP,0.25,8,305,-10,58.26422656249997,179.1979921874999,18,10,31.078125,0,0.0,0.0,10.37,88.6140625,1041.7328125000001,22,/Users/Liam/Desktop/UW/ECM/raw_data/2024-07-16/2024-07-16-14-14-alhic2302-12-t.txt
316,alhic2302,2024-07-16-10-55,13,l,AC,10,25,1000,,0.25,7,305,-10,37.49278124999998,167.60576953124993,18,10,24.614062500000003,0,0.0,0.0,11.41,29.504687500000003,886.7062500000001,22,/Users/Liam/Desktop/UW/ECM/raw_data/2024-07-16/2024-07-16-10-55-alhic2302-13-l.txt
304,alhic2302,2024-07-16-10-41,13,l,DC,10,25,1000,,0.25,8,305,-10,37.49278124999998,167.60576953124993,18,10,24.614062500000003,0,0.0,0.0,11.41,29.504687500000003,886.7062500000001,22,/Users/Liam/Desktop/UW/ECM/raw_data/2024-07-16/2024-07-16-10-41-alhic2302-13-l.txt
319,alhic2302,2024-07-16-11-35,13,t,AC,10,25,1000,,0.25,7,305,-10,40.23419531249998,158.1110312499999,18,10,19.284375,0,0.0,0.0,11.41,28.46875,951.5187500000001,22,/Users/Liam/Desktop/UW/ECM/raw_data/2024-07-16/2024-07-16-11-35-alhic2302-13-t.txt
311,alhic2302,2024-07-16-11-23,13,t,DC,10,25,1000,pockets at mid depth with button. 2x small rocks.,0.25,7,305,-10,40.23419531249998,158.1110312499999,18,10,19.284375,0,0.0,0.0,11.41,28.46875,951.5187500000001,22,/Users/Liam/Desktop/UW/ECM/raw_data/2024-07-16/2024-07-16-11-23-alhic2302-13-t.txt
306,alhic2302,2024-07-16-09-18,14,l,AC,10,25,1000,,0.25,7,305,-10,46.622890624999975,169.71019921874992,18,10,17.8359375,0,0.0,0.0,12.41,38.6140625,981.8062500000001,22,/Users/Liam/Desktop/UW/ECM/raw_data/2024-07-16/2024-07-16-09-18-alhic2302-14-l.txt
309,alhic2302,2024-07-16-08-49,14,l,DC,10,25,1000,,0.25,8,305,-10,45.29931249999997,169.65066796874993,18,10,38.0703125,0,0.0,0.0,12.41,61.142187500000006,1004.5125,22,/Users/Liam/Desktop/UW/ECM/raw_data/2024-07-16/2024-07-16-08-49-alhic2302-14-l.txt
295,alhic2302,2024-07-15-15-43,14,t,AC,10,25,1000,,0.25,7,305,-10,41.29137109374998,170.32982031249992,18,10,12.489062500000001,0,0.0,0.0,12.41,43.564062500000006,983.8156250000001,22,/Users/Liam/Desktop/UW/ECM/raw_data/2024-07-15/2024-07-15-15-43-alhic2302-14-t.txt
293,alhic2302,2024-07-15-15-33,14,t,DC,10,25,1000,,0.25,8,305,-10,41.29137109374998,170.32982031249992,18,10,12.489062500000001,0,0.0,0.0,12.41,43.564062500000006,983.8156250000001,22,/Users/Liam/Desktop/UW/ECM/raw_data/2024-07-15/2024-07-15-15-33-alhic2302-14-t.txt
297,alhic2302,2024-07-15-14-49,15,l,AC,10,25,1000,,0.25,7,305,-10,39.76836328124998,170.31196093749992,18,10,26.846875,0,0.0,0.0,13.41,59.298437500000006,1080.3171875,22,/Users/Liam/Desktop/UW/ECM/raw_data/2024-07-15/2024-07-15-14-49-alhic2302-15-l.txt
300,alhic2302,2024-07-15-14-39,15,l,DC,10,25,1000,,0.25,8,305,-10,39.76836328124998,170.31196093749992,18,10,26.846875,0,0.0,0.0,13.41,59.298437500000006,1080.3171875,22,/Users/Liam/Desktop/UW/ECM/raw_data/2024-07-15/2024-07-15-14-39-alhic2302-15-l.txt
302,alhic2302,2024-07-15-13-52,15,t,AC,10,25,1000,,0.25,7,305,-10,43.652777343749975,173.5881640624999,18,10,28.8265625,0,0.0,0.0,13.41,48.015625,1071.503125,22,/Users/Liam/Desktop/UW/ECM/raw_data/2024-07-15/2024-07-15-13-52-alhic2302-15-t.txt
298,alhic2302,2024-07-15-13-37,15,t,DC,10,25,1000,small cracks,0.25,8,305,-10,43.652777343749975,173.5881640624999,18,10,28.8265625,00,0.0,0.0,13.41,48.015625,1071.503125,22,/Users/Liam/Desktop/UW/ECM/raw_data/2024-07-15/2024-07-15-13-37-alhic2302-15-t.txt
212,alhic2302,2024-04-17-10-36,155_2,l,AC,10,25,1000,,0.25,9,305,-10,26.443781249999986,143.67271874999992,18,10,180.62968750000002,0,0.0,0.0,126.4,196.15,718.209375,22,/Users/Liam/Desktop/UW/ECM/raw_data/2024-04-17/2024-04-17-10-36-alhic2302-155_2-l.txt
216,alhic2302,2024-04-17-10-21,155_2,l,DC,10,25,1000,,0.25,11,305,-10,26.443781249999986,143.67271874999992,18,10,180.62968750000002,0,0.0,0.0,126.4,196.15,718.209375,22,/Users/Liam/Desktop/UW/ECM/raw_data/2024-04-17/2024-04-17-10-21-alhic2302-155_2-l.txt
227,alhic2302,2024-04-18-14-29,155_2,r,AC,10,25,1000,,0.25,9,305,-10,41.214476562499975,159.11562109374992,18,10,192.16875000000002,0,0.0,0.0,126.4,216.159375,770.996875,22,/Users/Liam/Desktop/UW/ECM/raw_data/2024-04-18/2024-04-18-14-29-alhic2302-155_2-r.txt
225,alhic2302,2024-04-18-14-17,155_2,r,DC,10,25,1000,,0.25,10,305,-10,41.20951562499998,156.21644921874991,18,10,213.4609375,0,0.0,0.0,126.4,239.16250000000002,791.4953125000001,22,/Users/Liam/Desktop/UW/ECM/raw_data/2024-04-18/2024-04-18-14-17-alhic2302-155_2-r.txt
196,alhic2302,2024-04-15-16-21,155_2,t,AC,10,25,1000,,0.25,13,305,-10,0.0,242.94901562499987,18,10,234.8375,0,0.0,0.0,126.4,267.16562500000003,828.5375,22,/Users/Liam/Desktop/UW/ECM/raw_data/2024-04-15/2024-04-15-16-21-alhic2302-155_2-t.txt
195,alhic2302,2024-04-15-16-05,155_2,t,DC,10,25,1000,,0.25,14,305,-10,0.0,242.94901562499987,18,10,234.8375,0,0.0,0.0,126.4,267.16562500000003,828.5375,22,/Users/Liam/Desktop/UW/ECM/raw_data/2024-04-15/2024-04-15-16-05-alhic2302-155_2-t.txt
233,alhic2302,2024-04-18-16-27,155_2,tr,AC,10,25,1000,,0.25,9,305,-10,29.61481249999998,145.7702031249999,18,10,239.04375000000002,0,0.0,0.0,126.4,259.7484375,817.7875,22,/Users/Liam/Desktop/UW/ECM/raw_data/2024-04-18/2024-04-18-16-27-alhic2302-155_2-tr.txt
231,alhic2302,2024-04-18-15-41,155_2,tr,DC,10,25,1000,,0.25,11,305,-10,29.61481249999998,145.7702031249999,18,10,239.04375000000002,0,0.0,0.0,126.4,259.7484375,817.7875,22,/Users/Liam/Desktop/UW/ECM/raw_data/2024-04-18/2024-04-18-15-41-alhic2302-155_2-tr.txt
213,alhic2302,2024-04-17-15-24,156_1,l,AC,10,25,1000,,0.25,10,305,-10,25.331042968749987,149.08956640624993,18,10,330.9046875,0,0.0,0.0,127.3,362.1,627.0546875,22,/Users/Liam/Desktop/UW/ECM/raw_data/2024-04-17/2024-04-17-15-24-alhic2302-156_1-l.txt
222,alhic2302,2024-04-17-14-15,156_1,l,DC,10,25,1000,,0.25,11,305,-10,25.331042968749987,149.08956640624993,18,10,330.9046875,0,0.0,0.0,127.3,362.1,627.0546875,22,/Users/Liam/Desktop/UW/ECM/raw_data/2024-04-17/2024-04-17-14-15-alhic2302-156_1-l.txt
255,alhic2302,2024-04-19-11-04,156_1,r,AC,10,25,1000,,0.25,10,305,-10,37.27152343749998,162.24150781249992,18,10,245.984375,0,0.0,0.0,127.3,270.6953125,534.23125,22,/Users/Liam/Desktop/UW/ECM/raw_data/2024-04-19/2024-04-19-11-04-alhic2302-156_1-r.txt
257,alhic2302,2024-04-19-10-54,156_1,r,DC,10,25,1000,,0.25,11,305,-10,37.27152343749998,162.24150781249992,18,10,245.984375,0,0.0,0.0,127.3,270.6953125,534.23125,22,/Users/Liam/Desktop/UW/ECM/raw_data/2024-04-19/2024-04-19-10-54-alhic2302-156_1-r.txt
202,alhic2302,2024-04-16-14-59,156_1,t,AC,10,25,1000,,0.25,13,305,-10,2.066230468749999,242.94207031249988,18,10,410.909375,0,0.0,0.0,127.3,440.4046875,706.9718750000001,22,/Users/Liam/Desktop/UW/ECM/raw_data/2024-04-16/2024-04-16-14-59-alhic2302-156_1-t.txt
209,alhic2302,2024-04-16-14-42,156_1,t,DC,10,25,1000,,0.25,14,305,-10,2.066230468749999,242.94207031249988,18,10,410.909375,0,0.0,0.0,127.3,440.4046875,706.9718750000001,22,/Users/Liam/Desktop/UW/ECM/raw_data/2024-04-16/2024-04-16-14-42-alhic2302-156_1-t.txt
240,alhic2302,2024-04-19-12-31,156_1,tr,AC,10,25,1000,,0.25,9,305,-10,29.152949218749985,145.06326953124992,18,10,261.3703125,0,0.0,0.0,127.3,280.28281250000003,549.178125,22,/Users/Liam/Desktop/UW/ECM/raw_data/2024-04-19/2024-04-19-12-31-alhic2302-156_1-tr.txt
248,alhic2302,2024-04-19-12-22,156_1,tr,DC,10,25,1000,,0.25,10,305,-10,29.152949218749985,145.06326953124992,18,10,261.3703125,0,0.0,0.0,127.3,280.28281250000003,549.178125,22,/Users/Liam/Desktop/UW/ECM/raw_data/2024-04-19/2024-04-19-12-22-alhic2302-156_1-tr.txt
211,alhic2302,2024-04-17-09-43,156_2,l,AC,10,25,1000,,0.25,9,305,-10,29.362300781249985,143.96144531249993,18,10,123.2359375,0,0.0,0.0,127.68,133.1671875,770.8218750000001,22,/Users/Liam/Desktop/UW/ECM/raw_data/2024-04-17/2024-04-17-09-43-alhic2302-156_2-l.txt
215,alhic2302,2024-04-17-09-35,156_2,l,DC,10,25,1000,,0.25,7,305,-10,29.362300781249985,143.96144531249993,18,10,123.2359375,0,0.0,0.0,127.68,133.1671875,770.8218750000001,22,/Users/Liam/Desktop/UW/ECM/raw_data/2024-04-17/2024-04-17-09-35-alhic2302-156_2-l.txt
230,alhic2302,2024-04-18-15-00,156_2,r,AC,10,25,1000,,0.25,9,305,-10,43.939023437499976,158.3640390624999,18,10,104.2078125,0,0.0,0.0,127.68,152.96875,778.4000000000001,22,/Users/Liam/Desktop/UW/ECM/raw_data/2024-04-18/2024-04-18-15-00-alhic2302-156_2-r.txt
228,alhic2302,2024-04-18-14-43,156_2,r,DC,10,25,1000,,0.25,11,305,-10,44.067015624999975,160.80581249999992,18,10,103.496875,0,0.0,0.0,127.68,152.75468750000002,782.4125,22,/Users/Liam/Desktop/UW/ECM/raw_data/2024-04-18/2024-04-18-14-43-alhic2302-156_2-r.txt
200,alhic2302,2024-04-15-14-17,156_2,t,AC,10,25,1000,,0.25,13,305,-10,0.9649023437499995,241.70034765624987,18,10,177.61562500000002,0,0.0,0.0,127.68,236.3296875,839.9578125,22,/Users/Liam/Desktop/UW/ECM/raw_data/2024-04-15/2024-04-15-14-17-alhic2302-156_2-t.txt
197,alhic2302,2024-04-15-14-00,156_2,t,DC,10,25,1000,,0.25,14,305,-10,0.9649023437499995,241.70034765624987,18,10,177.61562500000002,0,0.0,0.0,127.68,236.3296875,839.9578125,22,/Users/Liam/Desktop/UW/ECM/raw_data/2024-04-15/2024-04-15-14-00-alhic2302-156_2-t.txt
258,alhic2302,2024-04-19-08-30,156_2,tr,AC,10,25,1000,,0.25,9,305,-10,32.12207031249998,147.4266601562499,18,10,170.61406250000002,0,0.0,0.0,127.68,206.77968750000002,835.1609375,22,/Users/Liam/Desktop/UW/ECM/raw_data/2024-04-19/2024-04-19-08-30-alhic2302-156_2-tr.txt
244,alhic2302,2024-04-19-08-17,156_2,tr,DC,10,25,1000,,0.25,10,305,-10,32.12207031249998,147.4266601562499,18,10,170.61406250000002,0,0.0,0.0,127.68,206.77968750000002,835.1609375,22,/Users/Liam/Desktop/UW/ECM/raw_data/2024-04-19/2024-04-19-08-17-alhic2302-156_2-tr.txt
318,alhic2302,2024-07-16-15-05,156_2_repeat,r,AC,10,25,1000,,0.25,5,305,-10,56.39990624999997,148.83060546874992,18,10,51.84375,0,0.0,0.0,0,100.290625,733.875,22,/Users/Liam/Desktop/UW/ECM/raw_data/2024-07-16/2024-07-16-15-05-alhic2302-156_2_repeat-r.txt
308,alhic2302,2024-07-16-14-52,156_2_repeat,r,DC,10,25,1000,,0.25,6,305,-10,56.39990624999997,148.83060546874992,18,10,51.84375,0,0.0,0.0,0,100.290625,733.875,22,/Users/Liam/Desktop/UW/ECM/raw_data/2024-07-16/2024-07-16-14-52-alhic2302-156_2_repeat-r.txt
303,alhic2302,2024-07-16-13-59,156_2_repeat,tr,AC,10,25,1000,,0.25,7,305,-10,16.19200390624999,133.46707812499994,18,10,79.0203125,0,0.0,0.0,0,122.1796875,746.296875,22,/Users/Liam/Desktop/UW/ECM/raw_data/2024-07-16/2024-07-16-13-59-alhic2302-156_2_repeat-tr.txt
310,alhic2302,2024-07-16-13-46,156_2_repeat,tr,DC,10,25,1000,,0.25,7,305,-10,16.19200390624999,133.46707812499994,18,10,79.0203125,0,0.0,0.0,0,122.1796875,746.296875,22,/Users/Liam/Desktop/UW/ECM/raw_data/2024-07-16/2024-07-16-13-46-alhic2302-156_2_repeat-tr.txt
217,alhic2302,2024-04-17-13-54,158,l,AC,10,25,1000,,0.25,9,305,-10,25.987374999999986,144.31119140624992,18,10,120.25,0,0.0,0.0,128.61,218.8984375,821.296875,22,/Users/Liam/Desktop/UW/ECM/raw_data/2024-04-17/2024-04-17-13-54-alhic2302-158-l.txt
218,alhic2302,2024-04-17-10-57,158,l,DC,10,25,1000,,0.25,11,305,-10,25.423316406249988,142.90873437499994,18,10,100.6296875,0,0.0,0.0,128.61,202.3828125,837.7765625000001,22,/Users/Liam/Desktop/UW/ECM/raw_data/2024-04-17/2024-04-17-10-57-alhic2302-158-l.txt
242,alhic2302,2024-04-19-08-58,158,r,AC,10,25,1000,,0.25,9,305,-10,39.746535156249976,155.76748437499992,18,10,169.978125,0,0.0,0.0,128.61,186.88750000000002,801.3468750000001,22,/Users/Liam/Desktop/UW/ECM/raw_data/2024-04-19/2024-04-19-08-58-alhic2302-158-r.txt
238,alhic2302,2024-04-19-08-45,158,r,DC,10,25,1000,,0.25,11,305,-10,39.746535156249976,155.76748437499992,18,10,169.978125,0,0.0,0.0,128.61,186.88750000000002,801.3468750000001,22,/Users/Liam/Desktop/UW/ECM/raw_data/2024-04-19/2024-04-19-08-45-alhic2302-158-r.txt
207,alhic2302,2024-04-16-10-40,158,t,AC,10,25,1000,,0.25,13,305,-10,0.0,241.06534765624988,18,10,170.565625,0,0.0,0.0,128.61,203.9703125,934.153125,22,/Users/Liam/Desktop/UW/ECM/raw_data/2024-04-16/2024-04-16-10-40-alhic2302-158-t.txt
208,alhic2302,2024-04-16-10-13,158,t,DC,10,25,1000,,0.25,14,305,-10,0.0,242.9202421874999,18,10,151.9046875,0,0.0,0.0,128.61,163.0859375,930.3531250000001,22,/Users/Liam/Desktop/UW/ECM/raw_data/2024-04-16/2024-04-16-10-13-alhic2302-158-t.txt
239,alhic2302,2024-04-19-10-03,158,tr,AC,10,25,1000,,0.25,9,305,-10,27.486570312499985,144.17030078124992,18,10,114.06875000000001,0,0.0,0.0,128.61,158.01406250000002,706.6359375000001,22,/Users/Liam/Desktop/UW/ECM/raw_data/2024-04-19/2024-04-19-10-03-alhic2302-158-tr.txt
252,alhic2302,2024-04-19-09-48,158,tr,DC,10,25,1000,,0.25,11,305,-10,27.486570312499985,144.17030078124992,18,10,114.06875000000001,0,0.0,0.0,128.61,158.01406250000002,706.6359375000001,22,/Users/Liam/Desktop/UW/ECM/raw_data/2024-04-19/2024-04-19-09-48-alhic2302-158-tr.txt
329,alhic2302,2024-07-18-15-43,158_repeat,l,AC,10,25,1000,,0.25,11,305,-10,24.929703124999985,144.03734765624992,18,10,14.910937500000001,0,0.0,0.0,0,116.390625,735.2687500000001,22,/Users/Liam/Desktop/UW/ECM/raw_data/2024-07-18/2024-07-18-15-43-alhic2302-158_repeat-l.txt
327,alhic2302,2024-07-18-16-10,158_repeat,tl,AC,10,25,1000,,0.25,10,305,-10,64.03280468749998,179.62413671874992,18,10,14.4328125,0,0.0,0.0,0,94.11562500000001,755.4515625,22,/Users/Liam/Desktop/UW/ECM/raw_data/2024-07-18/2024-07-18-16-10-alhic2302-158_repeat-tl.txt
229,alhic2302,2024-04-18-11-26,159_1,l,AC,10,25,1000,,0.25,9,305,-10,26.700261718749985,143.31156249999992,18,10,398.7765625,0,0.0,0.0,129.27,418.609375,682.6765625,22,/Users/Liam/Desktop/UW/ECM/raw_data/2024-04-18/2024-04-18-11-26-alhic2302-159_1-l.txt
236,alhic2302,2024-04-18-11-04,159_1,l,DC,10,25,1000,,0.25,11,305,-10,26.700261718749985,143.31156249999992,18,10,398.7765625,0,0.0,0.0,129.27,418.609375,682.6765625,22,/Users/Liam/Desktop/UW/ECM/raw_data/2024-04-18/2024-04-18-11-04-alhic2302-159_1-l.txt
237,alhic2302,2024-04-19-13-53,159_1,r,AC,10,25,1000,,0.25,9,305,-10,39.90776562499998,154.9385117187499,18,10,239.59843750000002,0,0.0,0.0,129.27,260.28125,526.5296875,22,/Users/Liam/Desktop/UW/ECM/raw_data/2024-04-19/2024-04-19-13-53-alhic2302-159_1-r.txt
251,alhic2302,2024-04-19-13-44,159_1,r,DC,10,25,1000,\,0.25,10,305,-10,39.90776562499998,154.9385117187499,18,10,239.59843750000002,0,0.0,0.0,129.27,260.28125,526.5296875,22,/Users/Liam/Desktop/UW/ECM/raw_data/2024-04-19/2024-04-19-13-44-alhic2302-159_1-r.txt
205,alhic2302,2024-04-16-09-25,159_1,t,AC,10,25,1000,,0.25,13,305,-10,2.076648437499999,242.51890234374986,18,10,506.94687500000003,0,0.0,0.0,129.27,546.446875,811.109375,22,/Users/Liam/Desktop/UW/ECM/raw_data/2024-04-16/2024-04-16-09-25-alhic2302-159_1-t.txt
201,alhic2302,2024-04-16-09-05,159_1,t,DC,10,25,1000,,0.25,14,305,-10,2.076648437499999,242.51890234374986,18,10,506.94687500000003,0,0.0,0.0,129.27,546.446875,811.109375,22,/Users/Liam/Desktop/UW/ECM/raw_data/2024-04-16/2024-04-16-09-05-alhic2302-159_1-t.txt
250,alhic2302,2024-04-19-14-14,159_1,tr,AC,10,25,1000,,0.25,9,305,-10,27.631925781249986,145.01663671874994,18,10,260.7796875,0,0.0,0.0,129.27,304.7765625,561.1171875,22,/Users/Liam/Desktop/UW/ECM/raw_data/2024-04-19/2024-04-19-14-14-alhic2302-159_1-tr.txt
243,alhic2302,2024-04-19-14-04,159_1,tr,DC,10,25,1000,,0.25,11,305,-10,27.631925781249986,145.01663671874994,18,10,260.7796875,0,0.0,0.0,129.27,304.7765625,561.1171875,22,/Users/Liam/Desktop/UW/ECM/raw_data/2024-04-19/2024-04-19-14-04-alhic2302-159_1-tr.txt
224,alhic2302,2024-04-18-13-27,159_3,r,AC,10,25,1000,,0.25,9,305,-10,44.52887890624998,158.48806249999993,18,10,187.14375,0,0.0,0.0,129.82,228.17812500000002,582.93125,22,/Users/Liam/Desktop/UW/ECM/raw_data/2024-04-18/2024-04-18-13-27-alhic2302-159_3-r.txt
232,alhic2302,2024-04-18-13-16,159_3,r,DC,10,25,1000,,0.25,10,305,-10,44.52887890624998,158.48806249999993,18,10,187.14375,0,0.0,0.0,129.82,228.17812500000002,582.93125,22,/Users/Liam/Desktop/UW/ECM/raw_data/2024-04-18/2024-04-18-13-16-alhic2302-159_3-r.txt
198,alhic2302,2024-04-15-15-24,159_3,t,AC,10,25,1000,,0.25,13,305,-10,3.908722656249998,240.50773828124989,18,10,323.69687500000003,0,0.0,0.0,129.82,360.7421875,724.4203125,22,/Users/Liam/Desktop/UW/ECM/raw_data/2024-04-15/2024-04-15-15-24-alhic2302-159_3-t.txt
199,alhic2302,2024-04-15-15-08,159_3,t,DC,10,25,1000,,0.25,13,305,-10,3.908722656249998,240.50773828124989,18,10,323.69687500000003,0,0.0,0.0,129.82,360.7421875,724.4203125,22,/Users/Liam/Desktop/UW/ECM/raw_data/2024-04-15/2024-04-15-15-08-alhic2302-159_3-t.txt
226,alhic2302,2024-04-18-13-52,159_3,tr,AC,10,25,1000,,0.25,9,305,-10,32.73673046874998,149.34604687499993,18,10,258.45,0,0.0,0.0,129.82,298.2953125,660.2453125000001,22,/Users/Liam/Desktop/UW/ECM/raw_data/2024-04-18/2024-04-18-13-52-alhic2302-159_3-tr.txt
235,alhic2302,2024-04-18-13-38,159_3,tr,DC,10,25,1000,,0.25,11,305,-10,32.73673046874998,149.34604687499993,18,10,258.45,0,0.0,0.0,129.82,298.2953125,660.2453125000001,22,/Users/Liam/Desktop/UW/ECM/raw_data/2024-04-18/2024-04-18-13-38-alhic2302-159_3-tr.txt
294,alhic2302,2024-07-15-11-39,16,l,AC,10,25,1000,,0.25,7,305,-10,47.283191406249976,170.98168749999994,18,10,28.9359375,0,0.0,0.0,14.45,54.564062500000006,822.2671875000001,22,/Users/Liam/Desktop/UW/ECM/raw_data/2024-07-15/2024-07-15-11-39-alhic2302-16-l.txt
296,alhic2302,2024-07-15-10-56,16,l,DC,10,25,1000,,0.25,8,305,-10,47.283191406249976,170.98168749999994,18,10,28.9359375,0,0.0,0.0,14.45,54.564062500000006,822.2671875000001,22,/Users/Liam/Desktop/UW/ECM/raw_data/2024-07-15/2024-07-15-10-56-alhic2302-16-l.txt
301,alhic2302,2024-07-15-10-25,16,t,AC,10,25,1000,,0.25,7,305,-10,43.659722656249976,175.7799062499999,18,10,10.78125,0,0.0,0.0,14.45,51.8578125,820.73125,22,/Users/Liam/Desktop/UW/ECM/raw_data/2024-07-15/2024-07-15-10-25-alhic2302-16-t.txt
299,alhic2302,2024-07-15-10-06,16,t,DC,10,25,1000,small cracks accross core. no button mark.,0.25,8,305,-10,43.659722656249976,175.7799062499999,18,10,10.78125,0,0.0,0.0,14.45,51.8578125,820.73125,22,/Users/Liam/Desktop/UW/ECM/raw_data/2024-07-15/2024-07-15-10-06-alhic2302-16-t.txt
220,alhic2302,2024-04-17-16-22,168_1,l,AC,10,25,1000,,0.25,10,305,-10,25.337492187499986,149.97261328124992,18,10,304.9515625,0,0.0,0.0,133.43,313.88437500000003,626.1828125000001,22,/Users/Liam/Desktop/UW/ECM/raw_data/2024-04-17/2024-04-17-16-22-alhic2302-168_1-l.txt
221,alhic2302,2024-04-17-16-06,168_1,l,DC,10,25,1000,,0.25,11,305,-10,25.337492187499986,149.97261328124992,18,10,304.9515625,0,0.0,0.0,133.43,313.88437500000003,626.1828125000001,22,/Users/Liam/Desktop/UW/ECM/raw_data/2024-04-17/2024-04-17-16-06-alhic2302-168_1-l.txt
245,alhic2302,2024-04-19-09-34,168_1,r,AC,10,25,1000,,0.25,10,305,-10,35.58182812499998,158.86558984374992,18,10,189.921875,0,0.0,0.0,133.43,198.51875,564.146875,22,/Users/Liam/Desktop/UW/ECM/raw_data/2024-04-19/2024-04-19-09-34-alhic2302-168_1-r.txt
254,alhic2302,2024-04-19-09-17,168_1,r,DC,10,25,1000,,0.25,11,305,-10,35.58182812499998,158.86558984374992,18,10,189.921875,0,0.0,0.0,133.43,198.51875,564.146875,22,/Users/Liam/Desktop/UW/ECM/raw_data/2024-04-19/2024-04-19-09-17-alhic2302-168_1-r.txt
204,alhic2302,2024-04-16-11-55,168_1,t,AC,10,25,1000,,0.25,13,305,-10,0.1810742187499999,242.88154687499988,18,10,277.1640625,0,0.0,0.0,133.43,293.89375,630.953125,22,/Users/Liam/Desktop/UW/ECM/raw_data/2024-04-16/2024-04-16-11-55-alhic2302-168_1-t.txt
206,alhic2302,2024-04-16-11-42,168_1,t,DC,10,25,1000,,0.25,14,305,-10,0.1810742187499999,242.88154687499988,18,10,277.1640625,0,0.0,0.0,133.43,293.89375,630.953125,22,/Users/Liam/Desktop/UW/ECM/raw_data/2024-04-16/2024-04-16-11-42-alhic2302-168_1-t.txt
247,alhic2302,2024-04-19-10-38,168_1,tr,AC,10,25,1000,,0.25,9,305,-10,29.405957031249986,147.8781054687499,18,10,177.6171875,0,0.0,0.0,133.43,195.37187500000002,561.84375,22,/Users/Liam/Desktop/UW/ECM/raw_data/2024-04-19/2024-04-19-10-38-alhic2302-168_1-tr.txt
249,alhic2302,2024-04-19-10-27,168_1,tr,DC,10,25,1000,,0.25,11,305,-10,29.405957031249986,147.8781054687499,18,10,177.6171875,0,0.0,0.0,133.43,195.37187500000002,561.84375,22,/Users/Liam/Desktop/UW/ECM/raw_data/2024-04-19/2024-04-19-10-27-alhic2302-168_1-tr.txt
328,alhic2302,2024-07-18-14-46,168_1_repeat,tr,AC,10,25,1000,,0.25,11,305,-10,27.585789062499988,145.22301171874994,18,10,185.9640625,0,0.0,0.0,0,202.625,576.5140625,22,/Users/Liam/Desktop/UW/ECM/raw_data/2024-07-18/2024-07-18-14-46-alhic2302-168_1_repeat-tr.txt
330,alhic2302,2024-07-18-14-28,168_1_repeat,tr,DC,10,25,1000,,0.25,12,305,-10,27.585789062499988,145.22301171874994,18,10,185.9640625,0,0.0,0.0,0,202.625,576.5140625,22,/Users/Liam/Desktop/UW/ECM/raw_data/2024-07-18/2024-07-18-14-28-alhic2302-168_1_repeat-tr.txt
285,alhic2302,2024-07-12-14-24,17,l,AC,10,25,1000,,0.25,7,305,-10,30.131246093749983,156.97051171874992,18,10,35.8484375,0,0.0,0.0,15.23,77.2671875,867.5828125,22,/Users/Liam/Desktop/UW/ECM/raw_data/2024-07-12/2024-07-12-14-24-alhic2302-17-l.txt
286,alhic2302,2024-07-12-14-09,17,l,DC,10,25,1000,,0.25,8,305,-10,30.131246093749983,156.97051171874992,18,10,35.8484375,0,0.0,0.0,15.23,77.2671875,867.5828125,22,/Users/Liam/Desktop/UW/ECM/raw_data/2024-07-12/2024-07-12-14-09-alhic2302-17-l.txt
291,alhic2302,2024-07-12-11-25,17,t,AC,10,25,1000,,0.25,7,305,-10,42.14415624999998,170.81847265624992,18,10,7.1000000000000005,0,0.0,0.0,15.23,55.46875,821.6671875000001,22,/Users/Liam/Desktop/UW/ECM/raw_data/2024-07-12/2024-07-12-11-25-alhic2302-17-t.txt
289,alhic2302,2024-07-12-11-11,17,t,DC,10,25,1000,,0.25,8,305,-10,42.14415624999998,170.81847265624992,18,10,7.1000000000000005,0,0.0,0.0,15.23,55.46875,821.6671875000001,22,/Users/Liam/Desktop/UW/ECM/raw_data/2024-07-12/2024-07-12-11-11-alhic2302-17-t.txt
223,alhic2302,2024-04-18-10-40,170_2,l,AC,10,25,1000,,0.25,10,305,-10,26.433363281249985,150.0123007812499,18,10,170.53750000000002,0,0.0,0.0,134.67,205.27812500000002,846.671875,22,/Users/Liam/Desktop/UW/ECM/raw_data/2024-04-18/2024-04-18-10-40-alhic2302-170_2-l.txt
234,alhic2302,2024-04-18-07-51,170_2,l,DC,10,25,1000,,0.25,11,305,-10,22.728039062499988,147.98228515624993,18,10,101.059375,0,0.0,0.0,134.67,135.1265625,779.934375,22,/Users/Liam/Desktop/UW/ECM/raw_data/2024-04-18/2024-04-18-07-51-alhic2302-170_2-l.txt
256,alhic2302,2024-04-19-11-30,170_2,r,AC,10,25,1000,,0.25,9,305,-10,36.54375390624998,154.06637890624992,18,10,88.61250000000001,0,0.0,0.0,134.67,124.1796875,744.053125,22,/Users/Liam/Desktop/UW/ECM/raw_data/2024-04-19/2024-04-19-11-30-alhic2302-170_2-r.txt
246,alhic2302,2024-04-19-11-15,170_2,r,DC,10,25,1000,,0.25,11,305,-10,36.54375390624998,154.06637890624992,18,10,88.61250000000001,0,0.0,0.0,134.67,124.1796875,744.053125,22,/Users/Liam/Desktop/UW/ECM/raw_data/2024-04-19/2024-04-19-11-15-alhic2302-170_2-r.txt
203,alhic2302,2024-04-16-16-04,170_2,t,AC,10,25,1000,,0.25,13,305,-10,1.6534804687499993,243.11421484374986,18,10,211.83281250000002,0,0.0,0.0,134.67,253.97500000000002,872.8640625,22,/Users/Liam/Desktop/UW/ECM/raw_data/2024-04-16/2024-04-16-16-04-alhic2302-170_2-t.txt
210,alhic2302,2024-04-16-15-48,170_2,t,DC,10,25,1000,,0.25,14,305,-10,1.6534804687499993,243.11421484374986,18,10,211.83281250000002,0,0.0,0.0,134.67,253.97500000000002,872.8640625,22,/Users/Liam/Desktop/UW/ECM/raw_data/2024-04-16/2024-04-16-15-48-alhic2302-170_2-t.txt
253,alhic2302,2024-04-19-13-31,170_2,tr,AC,10,25,1000,,0.25,9,305,-10,29.680792968749984,147.61815234374993,18,10,101.30781250000001,0,0.0,0.0,134.67,142.084375,715.515625,22,/Users/Liam/Desktop/UW/ECM/raw_data/2024-04-19/2024-04-19-13-31-alhic2302-170_2-tr.txt
241,alhic2302,2024-04-19-12-41,170_2,tr,DC,10,25,1000,,0.25,11,305,-10,29.680792968749984,147.61815234374993,18,10,101.30781250000001,0,0.0,0.0,134.67,142.084375,715.515625,22,/Users/Liam/Desktop/UW/ECM/raw_data/2024-04-19/2024-04-19-12-41-alhic2302-170_2-tr.txt
305,alhic2302,2024-07-16-10-25,174_2,r,AC,10,25,1000,,0.25,6,305,-10,52.75907421874997,164.48782031249993,18,10,127.76875000000001,0,0.0,0.0,0,145.8265625,324.75156250000003,22,/Users/Liam/Desktop/UW/ECM/raw_data/2024-07-16/2024-07-16-10-25-alhic2302-174_2-r.txt
307,alhic2302,2024-07-16-10-15,174_2,r,DC,10,25,1000,,0.25,7,305,-10,52.75907421874997,164.48782031249993,18,10,127.76875000000001,0,0.0,0.0,0,145.8265625,324.75156250000003,22,/Users/Liam/Desktop/UW/ECM/raw_data/2024-07-16/2024-07-16-10-15-alhic2302-174_2-r.txt
317,alhic2302,2024-07-16-09-53,174_2,t,AC,10,25,1000,,0.25,7,305,-10,15.506898437499993,134.4498398437499,18,10,151.16875000000002,0,0.0,0.0,0,163.15625,372.859375,22,/Users/Liam/Desktop/UW/ECM/raw_data/2024-07-16/2024-07-16-09-53-alhic2302-174_2-t.txt
314,alhic2302,2024-07-16-09-43,174_2,t,DC,10,25,1000,,0.25,7,305,-10,15.506898437499993,134.4498398437499,18,10,151.16875000000002,0,0.0,0.0,0,163.15625,372.859375,22,/Users/Liam/Desktop/UW/ECM/raw_data/2024-07-16/2024-07-16-09-43-alhic2302-174_2-t.txt
287,alhic2302,2024-07-12-13-41,18,l,AC,10,25,1000,,0.25,7,305,-10,52.57651171874998,183.5581601562499,18,10,19.1203125,0,0.0,0.0,16.07,80.79218750000001,1125.4203125000001,22,/Users/Liam/Desktop/UW/ECM/raw_data/2024-07-12/2024-07-12-13-41-alhic2302-18-l.txt
288,alhic2302,2024-07-12-13-27,18,l,DC,10,25,1000,,0.25,8,305,-10,52.57651171874998,183.5581601562499,18,10,19.1203125,0,0.0,0.0,16.07,80.79218750000001,1125.4203125000001,22,/Users/Liam/Desktop/UW/ECM/raw_data/2024-07-12/2024-07-12-13-27-alhic2302-18-l.txt
292,alhic2302,2024-07-12-10-45,18,t,AC,10,25,1000,,0.25,7,305,-10,66.32128515624997,198.0584843749999,18,10,25.034375,0,0.0,0.0,16.07,44.23125,1128.2718750000001,22,/Users/Liam/Desktop/UW/ECM/raw_data/2024-07-12/2024-07-12-10-45-alhic2302-18-t.txt
290,alhic2302,2024-07-12-10-22,18,t,DC,10,25,1000,,0.25,8,305,-10,66.32128515624997,198.0584843749999,18,10,25.034375,0,0.0,0.0,16.07,44.23125,1128.2718750000001,22,/Users/Liam/Desktop/UW/ECM/raw_data/2024-07-12/2024-07-12-10-22-alhic2302-18-t.txt
283,alhic2302,2024-07-11-11-49,19,l,AC,10,25,1000,,0.25,7,305,-10,46.07669140624997,168.63962890624992,18,10,35.245312500000004,0,0.0,0.0,17.2,46.028125,875.303125,22,/Users/Liam/Desktop/UW/ECM/raw_data/2024-07-11/2024-07-11-11-49-alhic2302-19-l.txt
281,alhic2302,2024-07-11-11-37,19,l,DC,10,25,1000,,0.25,8,305,-10,46.07669140624997,168.63962890624992,18,10,35.245312500000004,0,0.0,0.0,17.2,46.028125,875.303125,22,/Users/Liam/Desktop/UW/ECM/raw_data/2024-07-11/2024-07-11-11-37-alhic2302-19-l.txt
278,alhic2302,2024-07-11-09-57,19,t,AC,10,25,1000,,0.25,7,305,-10,37.12765624999998,167.97238281249992,18,10,9.646875000000001,09,0.0,0.0,17.2,25.864062500000003,860.7140625000001,22,/Users/Liam/Desktop/UW/ECM/raw_data/2024-07-11/2024-07-11-09-57-alhic2302-19-t.txt
277,alhic2302,2024-07-11-09-34,19,t,DC,10,25,1000,,0.25,8,305,-10,37.12765624999998,167.97238281249992,18,10,9.646875000000001,0,0.0,0.0,17.2,25.864062500000003,860.7140625000001,22,/Users/Liam/Desktop/UW/ECM/raw_data/2024-07-11/2024-07-11-09-34-alhic2302-19-t.txt
279,alhic2302,2024-07-11-11-25,20,l,AC,10,25,1000,,0.25,7,305,-10,45.391585937499976,168.30079687499992,18,10,27.328125,0,0.0,0.0,18.07,58.292187500000004,682.5562500000001,22,/Users/Liam/Desktop/UW/ECM/raw_data/2024-07-11/2024-07-11-11-25-alhic2302-20-l.txt
284,alhic2302,2024-07-11-10-15,20,l,DC,10,25,1000,,0.25,8,305,-10,45.391585937499976,168.30079687499992,18,10,27.328125,0,0.0,0.0,18.07,58.292187500000004,682.5562500000001,22,/Users/Liam/Desktop/UW/ECM/raw_data/2024-07-11/2024-07-11-10-15-alhic2302-20-l.txt
282,alhic2302,2024-07-11-09-13,20,t,AC,10,25,1000,,0.25,7,305,-10,39.13832421874998,170.5972148437499,18,10,3.2906250000000004,0,0.0,0.0,18.07,41.109375,643.3640625,22,/Users/Liam/Desktop/UW/ECM/raw_data/2024-07-11/2024-07-11-09-13-alhic2302-20-t.txt
280,alhic2302,2024-07-11-09-02,20,t,DC,10,25,1000,,0.25,8,305,-10,39.13832421874998,170.5972148437499,18,10,3.2906250000000004,0,0.0,0.0,18.07,41.109375,643.3640625,22,/Users/Liam/Desktop/UW/ECM/raw_data/2024-07-11/2024-07-11-09-02-alhic2302-20-t.txt
259,alhic2302,2024-07-09-16-18,21,l,AC,10,25,1000,,0.25,7,305,-10,42.54251953124997,166.2102578124999,18,10,2.840625,0,0.0,0.0,18.7,101.121875,899.34375,22,/Users/Liam/Desktop/UW/ECM/raw_data/2024-07-09/2024-07-09-16-18-alhic2302-21-l.txt
261,alhic2302,2024-07-09-16-06,21,l,DC,10,25,1000,,0.25,8,305,-10,42.54251953124997,166.2102578124999,18,10,2.840625,0,0.0,0.0,18.7,101.121875,899.34375,22,/Users/Liam/Desktop/UW/ECM/raw_data/2024-07-09/2024-07-09-16-06-alhic2302-21-l.txt
273,alhic2302,2024-07-10-09-13,21,t,AC,10,25,1000,,0.25,7,305,-10,39.09218749999998,170.0093437499999,18,10,15.535937500000001,0,0.0,0.0,18.7,72.8375,808.3000000000001,22,/Users/Liam/Desktop/UW/ECM/raw_data/2024-07-10/2024-07-10-09-13-alhic2302-21-t.txt
275,alhic2302,2024-07-10-09-00,21,t,DC,10,25,1000,,0.25,8,305,-10,39.09218749999998,170.0093437499999,18,10,15.535937500000001,0,0.0,0.0,18.7,72.8375,808.3000000000001,22,/Users/Liam/Desktop/UW/ECM/raw_data/2024-07-10/2024-07-10-09-00-alhic2302-21-t.txt
266,alhic2302,2024-07-09-14-57,22,l,AC,10,25,1000,,0.25,7,305,-10,43.27971484374998,168.90206249999991,18,10,68.5125,0,0.0,0.0,19.73,83.31875000000001,729.0375,22,/Users/Liam/Desktop/UW/ECM/raw_data/2024-07-09/2024-07-09-14-57-alhic2302-22-l.txt
265,alhic2302,2024-07-09-14-39,22,l,DC,10,25,1000,,0.25,8,305,-10,43.27971484374998,168.90206249999991,18,10,68.5125,0,0.0,0.0,19.73,83.31875000000001,729.0375,22,/Users/Liam/Desktop/UW/ECM/raw_data/2024-07-09/2024-07-09-14-39-alhic2302-22-l.txt
172,alhic2302,2024-04-12-14-36,22,t,AC,10,25,1000,,0.25,7,305,-10,28.975843749999985,164.5949765624999,18,10,150.0015625,0,0.0,0.0,19.73,170.1203125,811.5640625000001,22,/Users/Liam/Desktop/UW/ECM/raw_data/2024-04-12/2024-04-12-14-36-alhic2302-22-t.txt
264,alhic2302,2024-07-09-14-19,22,t,AC,10,25,1000,discard prev ac run,0.25,7,305,-10,33.705105468749984,166.2072812499999,18,10,80.6921875,0,0.0,0.0,19.73,103.7421875,741.3234375000001,22,/Users/Liam/Desktop/UW/ECM/raw_data/2024-07-09/2024-07-09-14-19-alhic2302-22-t.txt
178,alhic2302,2024-04-12-14-25,22,t,DC,10,25,1000,,0.25,8,305,-10,28.975843749999985,164.5949765624999,18,10,150.0015625,0,0.0,0.0,19.73,170.1203125,811.5640625000001,22,/Users/Liam/Desktop/UW/ECM/raw_data/2024-04-12/2024-04-12-14-25-alhic2302-22-t.txt
263,alhic2302,2024-07-09-13-55,22,t,DC,10,25,1000,,0.25,8,305,-10,33.705105468749984,166.2072812499999,18,10,80.6921875,0,0.0,0.0,19.73,103.7421875,741.3234375000001,22,/Users/Liam/Desktop/UW/ECM/raw_data/2024-07-09/2024-07-09-13-55-alhic2302-22-t.txt
179,alhic2302,2024-04-12-15-00,23,l,AC,10,25,1000,,0.25,7,305,-10,35.61010546874998,165.0211210937499,18,10,57.650000000000006,0,0.0,0.0,20.39,80.03437500000001,890.271875,22,/Users/Liam/Desktop/UW/ECM/raw_data/2024-04-12/2024-04-12-15-00-alhic2302-23-l.txt
183,alhic2302,2024-04-12-14-47,23,l,DC,10,25,1000,,0.25,8,305,-10,35.61010546874998,165.0211210937499,18,10,57.650000000000006,0,0.0,0.0,20.39,80.03437500000001,890.271875,22,/Users/Liam/Desktop/UW/ECM/raw_data/2024-04-12/2024-04-12-14-47-alhic2302-23-l.txt
191,alhic2302,2024-04-12-14-11,23,t,AC,10,25,1000,,0.25,7,305,-10,34.20417578124999,167.37012499999992,18,10,69.6953125,0,0.0,0.0,20.39,85.75312500000001,894.5046875,22,/Users/Liam/Desktop/UW/ECM/raw_data/2024-04-12/2024-04-12-14-11-alhic2302-23-t.txt
177,alhic2302,2024-04-12-14-00,23,t,DC,10,25,1000,,0.25,8,305,-10,34.20417578124999,167.37012499999992,18,10,69.6953125,0,0.0,0.0,20.39,85.75312500000001,894.5046875,22,/Users/Liam/Desktop/UW/ECM/raw_data/2024-04-12/2024-04-12-14-00-alhic2302-23-t.txt
176,alhic2302,2024-04-12-13-45,24,l,AC,10,25,1000,,0.25,7,305,-10,38.84562890624998,167.7367382812499,18,10,38.6375,0,0.0,0.0,21.21,84.96406250000001,915.3531250000001,22,/Users/Liam/Desktop/UW/ECM/raw_data/2024-04-12/2024-04-12-13-45-alhic2302-24-l.txt
185,alhic2302,2024-04-12-13-33,24,l,DC,10,25,1000,,0.25,8,305,-10,38.84562890624998,167.7367382812499,18,10,38.6375,0,0.0,0.0,21.21,84.96406250000001,915.3531250000001,22,/Users/Liam/Desktop/UW/ECM/raw_data/2024-04-12/2024-04-12-13-33-alhic2302-24-l.txt
192,alhic2302,2024-04-12-11-48,24,t,AC,10,25,1000,,0.25,8,305,-10,31.608117187499985,169.32225390624993,18,10,61.35625,0,0.0,0.0,21.21,109.45156250000001,941.115625,22,/Users/Liam/Desktop/UW/ECM/raw_data/2024-04-12/2024-04-12-11-48-alhic2302-24-t.txt
180,alhic2302,2024-04-12-11-32,24,t,DC,10,25,1000,,0.25,8,305,-10,31.608117187499985,169.32225390624993,18,10,61.35625,0,0.0,0.0,21.21,109.45156250000001,941.115625,22,/Users/Liam/Desktop/UW/ECM/raw_data/2024-04-12/2024-04-12-11-32-alhic2302-24-t.txt
184,alhic2302,2024-04-12-13-16,25,l,AC,10,25,1000,,0.25,7,305,-10,37.190660156249976,165.9329414062499,18,10,3.6984375000000003,0,0.0,0.0,22.09,18.396875,988.9609375,22,/Users/Liam/Desktop/UW/ECM/raw_data/2024-04-12/2024-04-12-13-16-alhic2302-25-l.txt
174,alhic2302,2024-04-12-13-00,25,l,DC,10,25,1000,,0.25,8,305,-10,37.190660156249976,165.9329414062499,18,10,3.6984375000000003,0,0.0,0.0,22.09,18.396875,988.9609375,22,/Users/Liam/Desktop/UW/ECM/raw_data/2024-04-12/2024-04-12-13-00-alhic2302-25-l.txt
187,alhic2302,2024-04-12-11-15,25,t,AC,10,25,1000,,0.25,7,305,-10,32.985273437499984,167.25800781249993,18,10,0.215625,0,0.0,0.0,22.09,54.134375000000006,1072.4609375,22,/Users/Liam/Desktop/UW/ECM/raw_data/2024-04-12/2024-04-12-11-15-alhic2302-25-t.txt
193,alhic2302,2024-04-12-11-03,25,t,DC,10,25,1000,,0.25,8,305,-10,32.985273437499984,167.25800781249993,18,10,0.215625,0,0.0,0.0,22.09,54.134375000000006,1072.4609375,22,/Users/Liam/Desktop/UW/ECM/raw_data/2024-04-12/2024-04-12-11-03-alhic2302-25-t.txt
190,alhic2302,2024-04-12-10-35,26,l,AC,10,25,1000,,0.25,7,305,-10,38.20021093749998,165.33217187499991,18,10,33.385937500000004,0,0.0,0.0,23.2,203.99687500000002,978.309375,22,/Users/Liam/Desktop/UW/ECM/raw_data/2024-04-12/2024-04-12-10-35-alhic2302-26-l.txt
175,alhic2302,2024-04-12-10-22,26,l,DC,10,25,1000,,0.25,8,305,-10,38.20021093749998,165.33217187499991,18,10,33.385937500000004,0,0.0,0.0,23.2,203.99687500000002,978.309375,22,/Users/Liam/Desktop/UW/ECM/raw_data/2024-04-12/2024-04-12-10-22-alhic2302-26-l.txt
181,alhic2302,2024-04-12-09-39,26,t,AC,10,25,1000,,0.25,8,305,-10,35.16213281249998,172.8653554687499,18,10,27.4921875,0,0.0,0.0,23.2,74.4390625,1020.4953125000001,22,/Users/Liam/Desktop/UW/ECM/raw_data/2024-04-12/2024-04-12-09-39-alhic2302-26-t.txt
189,alhic2302,2024-04-12-09-25,26,t,DC,10,25,1000,,0.25,8,305,-10,35.16213281249998,172.8653554687499,18,10,27.4921875,0,0.0,0.0,23.2,74.4390625,1020.4953125000001,22,/Users/Liam/Desktop/UW/ECM/raw_data/2024-04-12/2024-04-12-09-25-alhic2302-26-t.txt
194,alhic2302,2024-04-12-10-08,27,l,AC,10,25,1000,,0.25,7,305,-10,37.23084374999998,164.37867968749993,18,10,164.00468750000002,0,0.0,0.0,24.28,210.16093750000002,962.84375,22,/Users/Liam/Desktop/UW/ECM/raw_data/2024-04-12/2024-04-12-10-08-alhic2302-27-l.txt
173,alhic2302,2024-04-12-09-56,27,l,DC,10,25,1000,,0.25,8,305,-10,37.23084374999998,164.37867968749993,18,10,164.00468750000002,0,0.0,0.0,24.28,210.16093750000002,962.84375,22,/Users/Liam/Desktop/UW/ECM/raw_data/2024-04-12/2024-04-12-09-56-alhic2302-27-l.txt
188,alhic2302,2024-04-12-09-13,27,t,AC,10,25,1000,,0.25,7,305,-10,34.88828906249998,168.7909374999999,18,10,100.7390625,0,0.0,0.0,24.28,136.625,844.3203125,22,/Users/Liam/Desktop/UW/ECM/raw_data/2024-04-12/2024-04-12-09-13-alhic2302-27-t.txt
182,alhic2302,2024-04-12-09-01,27,t,DC,10,25,1000,,0.25,8,305,-10,34.88828906249998,168.7909374999999,18,10,100.7390625,0,0.0,0.0,24.28,136.625,844.3203125,22,/Users/Liam/Desktop/UW/ECM/raw_data/2024-04-12/2024-04-12-09-01-alhic2302-27-t.txt
171,alhic2302,2024-04-12-08-45,28,l,AC,10,25,1000,,0.25,7,305,-10,35.68203906249998,165.1982265624999,18,10,55.35625,0,0.0,0.0,25.07,106.60625,1020.95,22,/Users/Liam/Desktop/UW/ECM/raw_data/2024-04-12/2024-04-12-08-45-alhic2302-28-l.txt
186,alhic2302,2024-04-12-08-31,28,l,DC,10,25,1000,,0.25,8,305,-10,35.68203906249998,165.1982265624999,18,10,55.35625,0,0.0,0.0,25.07,106.60625,1020.95,22,/Users/Liam/Desktop/UW/ECM/raw_data/2024-04-12/2024-04-12-08-31-alhic2302-28-l.txt
152,alhic2302,2024-04-11-16-26,28,t,AC,10,25,1000,,0.25,7,305,-10,31.897835937499988,167.25453515624991,18,10,5.6156250000000005,0,0.0,0.0,25.07,55.0203125,997.35,22,/Users/Liam/Desktop/UW/ECM/raw_data/2024-04-11/2024-04-11-16-26-alhic2302-28-t.txt
145,alhic2302,2024-04-11-16-13,28,t,DC,10,25,1000,,0.25,8,305,-10,31.897835937499988,167.25453515624991,18,10,5.6156250000000005,0,0.0,0.0,25.07,55.0203125,997.35,22,/Users/Liam/Desktop/UW/ECM/raw_data/2024-04-11/2024-04-11-16-13-alhic2302-28-t.txt
148,alhic2302,2024-04-11-16-57,29,l,AC,10,25,1000,,0.25,7,305,-10,39.16164062499998,168.01752734374992,18,10,29.5765625,0,0.0,0.0,26.07,104.09375,899.2062500000001,22,/Users/Liam/Desktop/UW/ECM/raw_data/2024-04-11/2024-04-11-16-57-alhic2302-29-l.txt
168,alhic2302,2024-04-11-16-45,29,l,DC,10,25,1000,,0.25,8,305,-10,39.16164062499998,168.01752734374992,18,10,29.5765625,0,0.0,0.0,26.07,104.09375,899.2062500000001,22,/Users/Liam/Desktop/UW/ECM/raw_data/2024-04-11/2024-04-11-16-45-alhic2302-29-l.txt
154,alhic2302,2024-04-11-15-54,29,t,AC,10,25,1000,,0.25,7,305,-10,33.42530859374998,167.0739570312499,18,10,20.278125000000003,0,0.0,0.0,26.07,61.5609375,894.5250000000001,22,/Users/Liam/Desktop/UW/ECM/raw_data/2024-04-11/2024-04-11-15-54-alhic2302-29-t.txt
162,alhic2302,2024-04-11-15-35,29,t,DC,10,25,1000,,0.25,8,305,-10,33.42530859374998,167.0739570312499,18,10,20.278125000000003,0,0.0,0.0,26.07,61.5609375,894.5250000000001,22,/Users/Liam/Desktop/UW/ECM/raw_data/2024-04-11/2024-04-11-15-35-alhic2302-29-t.txt
155,alhic2302,2024-04-11-15-16,30,l,AC,10,25,1000,,0.25,7,305,-10,34.06030859374999,165.9329414062499,18,10,50.393750000000004,0,0.0,0.0,27.03,81.559375,957.2281250000001,22,/Users/Liam/Desktop/UW/ECM/raw_data/2024-04-11/2024-04-11-15-16-alhic2302-30-l.txt
169,alhic2302,2024-04-11-15-02,30,l,DC,10,25,1000,,0.25,8,305,-10,34.06030859374999,165.9329414062499,18,10,50.393750000000004,0,0.0,0.0,27.03,81.559375,957.2281250000001,22,/Users/Liam/Desktop/UW/ECM/raw_data/2024-04-11/2024-04-11-15-02-alhic2302-30-l.txt
153,alhic2302,2024-04-11-14-20,30,t,AC,10,25,1000,,0.25,7,305,-10,30.595589843749984,165.81189453124992,18,10,77.853125,0,0.0,0.0,27.03,116.3921875,1004.4000000000001,22,/Users/Liam/Desktop/UW/ECM/raw_data/2024-04-11/2024-04-11-14-20-alhic2302-30-t.txt
146,alhic2302,2024-04-11-14-08,30,t,DC,10,25,1000,,0.25,8,305,-10,30.595589843749984,165.81189453124992,18,10,77.853125,0,0.0,0.0,27.03,116.3921875,1004.4000000000001,22,/Users/Liam/Desktop/UW/ECM/raw_data/2024-04-11/2024-04-11-14-08-alhic2302-30-t.txt
158,alhic2302,2024-04-11-14-49,31,l,AC,10,25,1000,,0.25,7,305,-10,39.26383593749998,164.1787539062499,18,10,69.60625,0,0.0,0.0,28.1,144.1625,896.7515625000001,22,/Users/Liam/Desktop/UW/ECM/raw_data/2024-04-11/2024-04-11-14-49-alhic2302-31-l.txt
156,alhic2302,2024-04-11-14-37,31,l,DC,10,25,1000,,0.25,8,305,-10,39.26383593749998,164.1787539062499,18,10,69.60625,0,0.0,0.0,28.1,144.1625,896.7515625000001,22,/Users/Liam/Desktop/UW/ECM/raw_data/2024-04-11/2024-04-11-14-37-alhic2302-31-l.txt
170,alhic2302,2024-04-11-13-53,31,t,AC,10,25,1000,,0.25,7,305,-10,35.78919531249998,167.6008085937499,18,10,44.1,0,0.0,0.0,28.1,61.584375,907.0187500000001,22,/Users/Liam/Desktop/UW/ECM/raw_data/2024-04-11/2024-04-11-13-53-alhic2302-31-t.txt
164,alhic2302,2024-04-11-13-38,31,t,DC,10,25,1000,,0.25,8,305,-10,35.78919531249998,167.6008085937499,18,10,44.1,0,0.0,0.0,28.1,61.584375,907.0187500000001,22,/Users/Liam/Desktop/UW/ECM/raw_data/2024-04-11/2024-04-11-13-38-alhic2302-31-t.txt
147,alhic2302,2024-04-11-13-26,32,l,AC,10,25,1000,,0.25,7,305,-10,38.05187890624998,164.9476992187499,18,10,98.171875,0,0.0,0.0,28.9,147.09062500000002,817.8640625,22,/Users/Liam/Desktop/UW/ECM/raw_data/2024-04-11/2024-04-11-13-26-alhic2302-32-l.txt
166,alhic2302,2024-04-11-13-09,32,l,DC,10,25,1000,,0.25,8,305,-10,38.05187890624998,164.9476992187499,18,10,98.171875,0,0.0,0.0,28.9,147.09062500000002,817.8640625,22,/Users/Liam/Desktop/UW/ECM/raw_data/2024-04-11/2024-04-11-13-09-alhic2302-32-l.txt
149,alhic2302,2024-04-11-10-50,32,t,AC,10,25,1000,,0.25,7,305,-10,33.31616796874999,165.6109765624999,18,10,183.55156250000002,0,0.0,0.0,28.9,224.60781250000002,868.7671875000001,22,/Users/Liam/Desktop/UW/ECM/raw_data/2024-04-11/2024-04-11-10-50-alhic2302-32-t.txt
159,alhic2302,2024-04-11-10-36,32,t,DC,10,25,1000,,0.25,8,305,-10,33.31616796874999,165.6109765624999,18,10,183.55156250000002,0,0.0,0.0,28.9,224.60781250000002,868.7671875000001,22,/Users/Liam/Desktop/UW/ECM/raw_data/2024-04-11/2024-04-11-10-36-alhic2302-32-t.txt
151,alhic2302,2024-04-11-11-16,33,l,AC,10,25,1000,,0.25,7,305,-10,39.51982031249998,164.5478476562499,18,10,23.9671875,0,0.0,0.0,29.62,94.5015625,1000.2890625,22,/Users/Liam/Desktop/UW/ECM/raw_data/2024-04-11/2024-04-11-11-16-alhic2302-33-l.txt
165,alhic2302,2024-04-11-11-01,33,l,DC,10,25,1000,,0.25,8,305,-10,39.93008984374998,167.17019921874993,18,10,36.671875,0,0.0,0.0,29.62,107.3828125,1019.3937500000001,22,/Users/Liam/Desktop/UW/ECM/raw_data/2024-04-11/2024-04-11-11-01-alhic2302-33-l.txt
163,alhic2302,2024-04-11-10-21,33,t,AC,10,25,1000,,0.25,7,305,-10,31.058941406249986,162.01628124999993,18,10,18.267187500000002,0,0.0,0.0,29.62,59.225,1018.35625,22,/Users/Liam/Desktop/UW/ECM/raw_data/2024-04-11/2024-04-11-10-21-alhic2302-33-t.txt
150,alhic2302,2024-04-11-10-06,33,t,DC,10,25,1000,,0.25,8,305,-10,31.058941406249986,162.01628124999993,18,10,18.267187500000002,0,0.0,0.0,29.62,59.225,1018.35625,22,/Users/Liam/Desktop/UW/ECM/raw_data/2024-04-11/2024-04-11-10-06-alhic2302-33-t.txt
167,alhic2302,2024-04-11-09-51,34,l,AC,10,25,1000,,0.25,7,305,-10,34.68985156249998,165.11984374999992,18,10,48.31875,0,0.0,0.0,30.72,102.2515625,988.8140625000001,22,/Users/Liam/Desktop/UW/ECM/raw_data/2024-04-11/2024-04-11-09-51-alhic2302-34-l.txt
160,alhic2302,2024-04-11-09-35,34,l,DC,10,25,1000,,0.25,8,305,-10,34.68985156249998,165.11984374999992,18,10,48.31875,0,0.0,0.0,30.72,102.2515625,988.8140625000001,22,/Users/Liam/Desktop/UW/ECM/raw_data/2024-04-11/2024-04-11-09-35-alhic2302-34-l.txt
143,alhic2302,2024-04-11-08-38,34,t,AC,10,25,1000,,0.25,7,305,-10,34.38673828124998,166.67857031249991,18,10,15.6953125,0,0.0,0.0,30.72,45.292187500000004,858.403125,22,/Users/Liam/Desktop/UW/ECM/raw_data/2024-04-11/2024-04-11-08-38-alhic2302-34-t.txt
161,alhic2302,2024-04-11-08-22,34,t,DC,10,25,1000,,0.25,8,305,-10,34.38673828124998,166.67857031249991,18,10,15.6953125,0,0.0,0.0,30.72,45.292187500000004,858.403125,22,/Users/Liam/Desktop/UW/ECM/raw_data/2024-04-11/2024-04-11-08-22-alhic2302-34-t.txt
157,alhic2302,2024-04-11-09-20,35,l,AC,10,25,1000,,0.25,7,305,-10,38.70424218749998,165.4809999999999,18,10,60.4375,0.0,0.0,0.0,31.72,144.3515625,931.6859375,22,/Users/Liam/Desktop/UW/ECM/raw_data/2024-04-11/2024-04-11-09-20-alhic2302-35-l.txt
144,alhic2302,2024-04-11-08-52,35,l,DC,10,25,1000,,0.25,8,305,-10,38.70424218749998,165.4809999999999,18,10,60.4375,0,0.0,0.0,31.72,144.3515625,931.6859375,22,/Users/Liam/Desktop/UW/ECM/raw_data/2024-04-11/2024-04-11-08-52-alhic2302-35-l.txt
127,alhic2302,2024-04-10-14-30,35,t,AC,10,25,1000,,0.25,7,305,-10,33.82317578124999,166.3273359374999,18,10,49.25,0,0.0,0.0,31.72,84.98281250000001,875.3015625,22,/Users/Liam/Desktop/UW/ECM/raw_data/2024-04-10/2024-04-10-14-30-alhic2302-35-t.txt
124,alhic2302,2024-04-10-14-16,35,t,DC,10,25,1000,,0.25,8,305,-10,33.82317578124999,166.3273359374999,18,10,49.25,0,0.0,0.0,31.72,84.98281250000001,875.3015625,22,/Users/Liam/Desktop/UW/ECM/raw_data/2024-04-10/2024-04-10-14-16-alhic2302-35-t.txt
142,alhic2302,2024-04-10-14-00,36,l,AC,10,25,1000,,0.25,7,305,-10,37.07457421874998,164.4828593749999,18,10,28.8890625,0,0.0,0.0,32.52,41.573437500000004,994.3140625000001,22,/Users/Liam/Desktop/UW/ECM/raw_data/2024-04-10/2024-04-10-14-00-alhic2302-36-l.txt
126,alhic2302,2024-04-10-13-46,36,l,DC,10,25,1000,,0.25,8,305,-10,37.07457421874998,164.4828593749999,18,10,28.8890625,0,0.0,0.0,32.52,41.573437500000004,994.3140625000001,22,/Users/Liam/Desktop/UW/ECM/raw_data/2024-04-10/2024-04-10-13-46-alhic2302-36-l.txt
140,alhic2302,2024-04-10-12-59,36,t,AC,10,25,1000,,0.25,7,305,-10,34.217074218749985,163.5303593749999,18,10,19.2140625,0,0.0,0.0,32.52,34.5671875,987.240625,22,/Users/Liam/Desktop/UW/ECM/raw_data/2024-04-10/2024-04-10-12-59-alhic2302-36-t.txt
119,alhic2302,2024-04-10-12-45,36,t,DC,10,25,1000,,0.25,8,305,-10,34.217074218749985,163.5303593749999,18,10,19.2140625,0,0.0,0.0,32.52,34.5671875,987.240625,22,/Users/Liam/Desktop/UW/ECM/raw_data/2024-04-10/2024-04-10-12-45-alhic2302-36-t.txt
135,alhic2302,2024-04-10-13-31,37,l,AC,10,25,1000,,0.25,7,305,-10,37.76464062499998,165.0856132812499,18,10,40.4890625,0,0.0,0.0,33.54,69.6046875,888.4296875,22,/Users/Liam/Desktop/UW/ECM/raw_data/2024-04-10/2024-04-10-13-31-alhic2302-37-l.txt
141,alhic2302,2024-04-10-13-19,37,l,DC,10,25,1000,,0.25,8,305,-10,37.76464062499998,165.0856132812499,18,10,40.4890625,0,0.0,0.0,33.54,69.6046875,888.4296875,22,/Users/Liam/Desktop/UW/ECM/raw_data/2024-04-10/2024-04-10-13-19-alhic2302-37-l.txt
131,alhic2302,2024-04-10-12-25,37,t,AC,10,25,1000,,0.25,7,305,-10,34.020124999999986,166.92413671874993,18,10,15.5875,0,0.0,0.0,33.54,56.135937500000004,865.84375,22,/Users/Liam/Desktop/UW/ECM/raw_data/2024-04-10/2024-04-10-12-25-alhic2302-37-t.txt
120,alhic2302,2024-04-10-12-13,37,t,DC,10,25,1000,,0.25,8,305,-10,34.020124999999986,166.92413671874993,18,10,15.5875,0,0.0,0.0,33.54,56.135937500000004,865.84375,22,/Users/Liam/Desktop/UW/ECM/raw_data/2024-04-10/2024-04-10-12-13-alhic2302-37-t.txt
130,alhic2302,2024-04-10-11-57,38,l,AC,10,25,1000,,0.25,7,305,-10,36.21087499999998,165.06328906249993,18,10,24.7109375,0,0.0,0.0,34.4,48.978125000000006,954.890625,22,/Users/Liam/Desktop/UW/ECM/raw_data/2024-04-10/2024-04-10-11-57-alhic2302-38-l.txt
122,alhic2302,2024-04-10-11-42,38,l,DC,10,25,1000,,0.25,8,305,-10,36.21087499999998,165.06328906249993,18,10,24.7109375,0,0.0,0.0,34.4,48.978125000000006,954.890625,22,/Users/Liam/Desktop/UW/ECM/raw_data/2024-04-10/2024-04-10-11-42-alhic2302-38-l.txt
123,alhic2302,2024-04-10-10-54,38,t,AC,10,25,1000,,0.25,7,305,-10,32.12901562499999,166.3134453124999,18,10,34.909375000000004,0,0.0,0.0,34.4,48.721875000000004,965.6578125000001,22,/Users/Liam/Desktop/UW/ECM/raw_data/2024-04-10/2024-04-10-10-54-alhic2302-38-t.txt
137,alhic2302,2024-04-10-10-36,38,t,DC,10,25,1000,,0.25,8,305,-10,32.12901562499999,166.3134453124999,18,10,34.909375000000004,0,0.0,0.0,34.4,48.721875000000004,965.6578125000001,22,/Users/Liam/Desktop/UW/ECM/raw_data/2024-04-10/2024-04-10-10-36-alhic2302-38-t.txt
132,alhic2302,2024-04-10-11-30,39,l,AC,10,25,1000,,0.25,7,305,-10,37.11773437499998,162.51287109374994,18,10,199.5421875,0,0.0,0.0,35.4,224.45156250000002,756.3453125000001,22,/Users/Liam/Desktop/UW/ECM/raw_data/2024-04-10/2024-04-10-11-30-alhic2302-39-l.txt
125,alhic2302,2024-04-10-11-09,39,l,DC,10,25,1000,,0.25,8,305,-10,38.25428515624998,166.97176171874992,18,10,202.9859375,0,0.0,0.0,35.4,231.14687500000002,745.48125,22,/Users/Liam/Desktop/UW/ECM/raw_data/2024-04-10/2024-04-10-11-09-alhic2302-39-l.txt
128,alhic2302,2024-04-10-10-24,39,t,AC,10,25,1000,,0.25,7,305,-10,30.269160156249985,162.32038671874992,18,10,155.859375,0,0.0,0.0,35.4,178.159375,689.7109375,22,/Users/Liam/Desktop/UW/ECM/raw_data/2024-04-10/2024-04-10-10-24-alhic2302-39-t.txt
138,alhic2302,2024-04-10-10-13,39,t,DC,10,25,1000,,0.25,8,305,-10,30.269160156249985,162.32038671874992,18,10,155.859375,0,0.0,0.0,35.4,178.159375,689.7109375,22,/Users/Liam/Desktop/UW/ECM/raw_data/2024-04-10/2024-04-10-10-13-alhic2302-39-t.txt
133,alhic2302,2024-04-10-09-23,40,l,AC,10,25,1000,,0.25,7,305,-10,36.81263671874998,163.1076874999999,18,10,45.178125,0,0.0,0.0,35.95,50.6875,812.075,22,/Users/Liam/Desktop/UW/ECM/raw_data/2024-04-10/2024-04-10-09-23-alhic2302-40-l.txt
136,alhic2302,2024-04-10-09-10,40,l,DC,10,25,1000,,0.25,8,305,-10,36.81263671874998,163.1076874999999,18,10,45.178125,0,0.0,0.0,35.95,50.6875,812.075,22,/Users/Liam/Desktop/UW/ECM/raw_data/2024-04-10/2024-04-10-09-10-alhic2302-40-l.txt
110,alhic2302,2024-04-09-16-12,40,t,AC,10,25,1000,,0.25,7,305,-10,32.16671874999998,161.65710937499992,18,10,64.56875000000001,0,0.0,0.0,35.95,85.515625,815.3203125,22,/Users/Liam/Desktop/UW/ECM/raw_data/2024-04-09/2024-04-09-16-12-alhic2302-40-t.txt
112,alhic2302,2024-04-09-16-01,40,t,DC,10,25,1000,,0.25,8,305,-10,32.16671874999998,161.65710937499992,18,10,64.56875000000001,0,0.0,0.0,35.95,85.515625,815.3203125,22,/Users/Liam/Desktop/UW/ECM/raw_data/2024-04-09/2024-04-09-16-01-alhic2302-40-t.txt
111,alhic2302,2024-04-09-08-55,41,l,AC,10,25,1000,,0.25,12,305,-10,33.563718749999985,164.0378632812499,18,10,22.0234375,0,0.0,0.0,36.72,53.518750000000004,962.8359375,22,/Users/Liam/Desktop/UW/ECM/raw_data/2024-04-09/2024-04-09-08-55-alhic2302-41-l.txt
117,alhic2302,2024-04-09-08-30,41,l,DC,10,25,1000,,0.25,14,305,-10,33.563718749999985,164.0378632812499,18,10,22.0234375,0\,0.0,0.0,36.72,53.518750000000004,962.8359375,22,/Users/Liam/Desktop/UW/ECM/raw_data/2024-04-09/2024-04-09-08-30-alhic2302-41-l.txt
95,alhic2302,2024-04-08-14-30,41,t,AC,10,25,1000,,0.25,7,305,-10,34.30190624999998,162.62449218749992,18,10,28.596875,0,0.0,0.0,36.72,55.1703125,937.4703125000001,22,/Users/Liam/Desktop/UW/ECM/raw_data/2024-04-08/2024-04-08-14-30-alhic2302-41-t.txt
93,alhic2302,2024-04-08-14-16,41,t,DC,10,25,1000,,0.25,8,305,-10,34.30190624999998,162.62449218749992,18,10,28.596875,0,0.0,0.0,36.72,55.1703125,937.4703125000001,22,/Users/Liam/Desktop/UW/ECM/raw_data/2024-04-08/2024-04-08-14-16-alhic2302-41-t.txt
121,alhic2302,2024-04-10-09-57,42,l,AC,10,25,1000,,0.25,7,305,-10,39.31046874999998,169.23543749999993,18,10,17.7953125,0,0.0,0.0,37.81,50.862500000000004,914.9828125,22,/Users/Liam/Desktop/UW/ECM/raw_data/2024-04-10/2024-04-10-09-57-alhic2302-42-l.txt
139,alhic2302,2024-04-10-09-45,42,l,DC,10,25,1000,,0.25,8,305,-10,39.31046874999998,169.23543749999993,18,10,17.7953125,0,0.0,0.0,37.81,50.862500000000004,914.9828125,22,/Users/Liam/Desktop/UW/ECM/raw_data/2024-04-10/2024-04-10-09-45-alhic2302-42-l.txt
129,alhic2302,2024-04-10-08-49,42,t,AC,10,25,1000,,0.25,7,305,-10,31.92214453124998,164.30029687499993,18,10,7.878125000000001,0,0.0,0.0,37.81,62.0234375,1016.075,22,/Users/Liam/Desktop/UW/ECM/raw_data/2024-04-10/2024-04-10-08-49-alhic2302-42-t.txt
134,alhic2302,2024-04-10-08-36,42,t,DC,10,25,1000,,0.25,8,305,-10,31.92214453124998,164.30029687499993,18,10,7.878125000000001,0,0.0,0.0,37.81,62.0234375,1016.075,22,/Users/Liam/Desktop/UW/ECM/raw_data/2024-04-10/2024-04-10-08-36-alhic2302-42-t.txt
97,alhic2302,2024-04-08-15-14,46,l,AC,10,25,1000,,0.25,7,305,-10,52.62413671874997,174.9211679687499,18,10,29.3109375,0,0.0,0.0,39.53,74.12343750000001,879.7593750000001,22,/Users/Liam/Desktop/UW/ECM/raw_data/2024-04-08/2024-04-08-15-14-alhic2302-46-l.txt
94,alhic2302,2024-04-08-15-00,46,l,DC,10,25,1000,,0.25,8,305,-10,52.62413671874997,174.9211679687499,18,10,29.3109375,0,0.0,0.0,39.53,74.12343750000001,879.7593750000001,22,/Users/Liam/Desktop/UW/ECM/raw_data/2024-04-08/2024-04-08-15-00-alhic2302-46-l.txt
98,alhic2302,2024-04-08-13-33,46,t,AC,10,25,1000,,0.25,7,305,-10,45.174296874999975,177.46860937499991,18,10,98.184375,0,0.0,0.0,39.53,139.203125,835.7125000000001,22,/Users/Liam/Desktop/UW/ECM/raw_data/2024-04-08/2024-04-08-13-33-alhic2302-46-t.txt
96,alhic2302,2024-04-08-11-07,46,t,DC,10,25,1000,,0.25,8,305,-10,45.174296874999975,177.46860937499991,18,10,98.184375,0,0.0,0.0,39.53,139.203125,835.7125000000001,22,/Users/Liam/Desktop/UW/ECM/raw_data/2024-04-08/2024-04-08-11-07-alhic2302-46-t.txt
114,alhic2302,2024-04-09-11-42,47,l,AC,10,25,1000,,0.25,7,305,-10,35.68451953124998,162.60514453124992,18,10,3.6656250000000004,0,0.0,0.0,40.47,77.06875000000001,973.6921875,22,/Users/Liam/Desktop/UW/ECM/raw_data/2024-04-09/2024-04-09-11-42-alhic2302-47-l.txt
107,alhic2302,2024-04-09-11-25,47,l,DC,10,25,1000,,0.25,8,305,-10,35.68451953124998,162.60514453124992,18,10,3.6656250000000004,0,0.0,0.0,40.47,77.06875000000001,973.6921875,22,/Users/Liam/Desktop/UW/ECM/raw_data/2024-04-09/2024-04-09-11-25-alhic2302-47-l.txt
105,alhic2302,2024-04-09-09-51,47,t,AC,10,25,1000,,0.25,7,305,-10,31.88791406249998,158.83284765624992,18,10,39.509375000000006,0,0.0,0.0,40.47,91.65625,1014.1890625000001,22,/Users/Liam/Desktop/UW/ECM/raw_data/2024-04-09/2024-04-09-09-51-alhic2302-47-t.txt
118,alhic2302,2024-04-09-09-28,47,t,DC,10,25,1000,,0.25,13,305,-10,31.88791406249998,158.83284765624992,18,10,39.509375000000006,0,0.0,0.0,40.47,91.65625,1014.1890625000001,22,/Users/Liam/Desktop/UW/ECM/raw_data/2024-04-09/2024-04-09-09-28-alhic2302-47-t.txt
116,alhic2302,2024-04-09-14-57,48,l,AC,10,25,1000,,0.25,7,305,-10,34.96766406249998,161.74442187499992,18,10,38.5515625,0,0.0,0.0,41.39,61.6078125,990.7703125,22,/Users/Liam/Desktop/UW/ECM/raw_data/2024-04-09/2024-04-09-14-57-alhic2302-48-l.txt
106,alhic2302,2024-04-09-14-40,48,l,DC,10,25,1000,,0.25,8,305,-10,34.96766406249998,161.74442187499992,18,10,38.5515625,0,0.0,0.0,41.39,61.6078125,990.7703125,22,/Users/Liam/Desktop/UW/ECM/raw_data/2024-04-09/2024-04-09-14-40-alhic2302-48-l.txt
113,alhic2302,2024-04-09-14-00,48,t,AC,10,25,1000,,0.25,7,305,-10,34.60402734374998,160.46201953124992,18,10,22.928125,0,0.0,0.0,41.39,46.253125000000004,796.4796875000001,22,/Users/Liam/Desktop/UW/ECM/raw_data/2024-04-09/2024-04-09-14-00-alhic2302-48-t.txt
99,alhic2302,2024-04-09-13-46,48,t,DC,10,25,1000,,0.25,8,305,-10,34.60402734374998,160.46201953124992,18,10,22.928125,0,0.0,0.0,41.39,46.253125000000004,796.4796875000001,22,/Users/Liam/Desktop/UW/ECM/raw_data/2024-04-09/2024-04-09-13-46-alhic2302-48-t.txt
102,alhic2302,2024-04-09-15-32,49,l,AC,10,25,1000,,0.25,7,305,-10,34.75880859374998,164.1355937499999,18,10,31.478125000000002,0,0.0,0.0,42.7,60.267187500000006,795.6953125,22,/Users/Liam/Desktop/UW/ECM/raw_data/2024-04-09/2024-04-09-15-32-alhic2302-49-l.txt
115,alhic2302,2024-04-09-15-15,49,l,DC,10,25,1000,,0.25,8,305,-10,34.75880859374998,164.1355937499999,18,10,31.478125000000002,0,0.0,0.0,42.7,60.267187500000006,795.6953125,22,/Users/Liam/Desktop/UW/ECM/raw_data/2024-04-09/2024-04-09-15-15-alhic2302-49-l.txt
104,alhic2302,2024-04-09-14-27,49,t,AC,10,25,1000,,0.25,7,305,-10,30.684886718749986,162.2127343749999,18,10,69.21718750000001,0,0.0,0.0,42.7,91.76875000000001,826.73125,22,/Users/Liam/Desktop/UW/ECM/raw_data/2024-04-09/2024-04-09-14-27-alhic2302-49-t.txt
101,alhic2302,2024-04-09-14-14,49,t,DC,10,25,1000,,0.25,8,305,-10,30.684886718749986,162.2127343749999,18,10,69.21718750000001,0,0.0,0.0,42.7,91.76875000000001,826.73125,22,/Users/Liam/Desktop/UW/ECM/raw_data/2024-04-09/2024-04-09-14-14-alhic2302-49-t.txt
103,alhic2302,2024-04-09-13-29,50,l,AC,10,25,1000,,0.25,7,305,-10,38.16002734374998,164.0626679687499,18,10,51.621875,0,0.0,0.0,43.47,85.25625000000001,940.9421875,22,/Users/Liam/Desktop/UW/ECM/raw_data/2024-04-09/2024-04-09-13-29-alhic2302-50-l.txt
108,alhic2302,2024-04-09-12-00,50,l,DC,10,25,1000,,0.25,8,305,-10,38.16002734374998,164.0626679687499,18,10,51.621875,0,0.0,0.0,43.47,85.25625000000001,940.9421875,22,/Users/Liam/Desktop/UW/ECM/raw_data/2024-04-09/2024-04-09-12-00-alhic2302-50-l.txt
109,alhic2302,2024-04-09-11-09,50,t,AC,10,25,1000,,0.25,7,305,-10,29.428281249999984,160.90701562499993,18,10,14.606250000000001,0,0.0,0.0,43.47,43.7875,948.7296875000001,22,/Users/Liam/Desktop/UW/ECM/raw_data/2024-04-09/2024-04-09-11-09-alhic2302-50-t.txt
100,alhic2302,2024-04-09-10-34,50,t,DC,10,25,1000,,0.25,8,305,-10,29.428281249999984,160.90701562499993,18,10,14.606250000000001,0,0.0,0.0,43.47,43.7875,948.7296875000001,22,/Users/Liam/Desktop/UW/ECM/raw_data/2024-04-09/2024-04-09-10-34-alhic2302-50-t.txt
274,alhic2302,2024-07-10-10-28,51_2,l,AC,10,25,1000,,0.25,7,305,-10,40.93170312499998,167.9515468749999,18,10,57.009375000000006,0,0.0,0.0,44.73,107.65625,549.40625,22,/Users/Liam/Desktop/UW/ECM/raw_data/2024-07-10/2024-07-10-10-28-alhic2302-51_2-l.txt
270,alhic2302,2024-07-10-10-19,51_2,l,DC,10,25,1000,lots of damage to this face,0.25,8,305,-10,40.93170312499998,167.9515468749999,18,10,57.009375000000006,0,0.0,0.0,44.73,107.65625,549.40625,22,/Users/Liam/Desktop/UW/ECM/raw_data/2024-07-10/2024-07-10-10-19-alhic2302-51_2-l.txt
271,alhic2302,2024-07-10-11-17,51_2,t,AC,10,25,1000,,0.25,7,305,-10,38.07073046874998,165.6139531249999,18,10,10.293750000000001,0,0.0,0.0,44.73,53.7078125,650.6750000000001,22,/Users/Liam/Desktop/UW/ECM/raw_data/2024-07-10/2024-07-10-11-17-alhic2302-51_2-t.txt
269,alhic2302,2024-07-10-11-04,51_2,t,DC,10,25,1000,,0.25,8,305,-10,38.07073046874998,165.6139531249999,18,10,10.293750000000001,0,0.0,0.0,44.73,53.7078125,650.6750000000001,22,/Users/Liam/Desktop/UW/ECM/raw_data/2024-07-10/2024-07-10-11-04-alhic2302-51_2-t.txt
272,alhic2302,2024-07-10-14-13,52_1,l,AC,10,25,1000,,0.25,7,305,-10,44.83645703124998,167.80668749999992,18,10,0.0,0,0.0,0.0,45.53,52.365625,844.4234375000001,22,/Users/Liam/Desktop/UW/ECM/raw_data/2024-07-10/2024-07-10-14-13-alhic2302-52_1-l.txt
276,alhic2302,2024-07-10-12-41,52_1,l,DC,10,25,1000,,0.25,8,305,-10,44.83645703124998,167.80668749999992,18,10,0.0,0,0.0,0.0,45.53,52.365625,844.4234375000001,22,/Users/Liam/Desktop/UW/ECM/raw_data/2024-07-10/2024-07-10-12-41-alhic2302-52_1-l.txt
268,alhic2302,2024-07-10-12-12,52_1,t,AC,10,25,1000,,0.25,7,305,-10,38.492906249999976,168.39307031249993,18,10,36.19375,0,0.0,0.0,45.53,68.309375,880.6484375,22,/Users/Liam/Desktop/UW/ECM/raw_data/2024-07-10/2024-07-10-12-12-alhic2302-52_1-t.txt
267,alhic2302,2024-07-10-12-00,52_1,t,DC,10,25,1000,testing button here - does not indicate anything about cracks.,0.25,8,305,-10,38.492906249999976,168.39307031249993,18,10,36.19375,0,0.0,0.0,45.53,68.309375,880.6484375,22,/Users/Liam/Desktop/UW/ECM/raw_data/2024-07-10/2024-07-10-12-00-alhic2302-52_1-t.txt
214,alhic2302,2024-04-17-08-22,54_2,t,AC,10,25,1000,,0.25,13,305,-10,2.048371093749999,240.6521015624999,18,10,221.5109375,0,0.0,0.0,48.01,287.28125,641.4953125000001,22,/Users/Liam/Desktop/UW/ECM/raw_data/2024-04-17/2024-04-17-08-22-alhic2302-54_2-t.txt
219,alhic2302,2024-04-17-08-00,54_2,t,DC,10,25,1000,,0.25,13,305,-10,3.563441406249998,243.26105859374988,18,10,271.0828125,0,0.0,0.0,48.01,329.16093750000005,711.1546875,22,/Users/Liam/Desktop/UW/ECM/raw_data/2024-04-17/2024-04-17-08-00-alhic2302-54_2-t.txt
332,pico2303,2024-07-19-16-24,11,half,AC,10,25,1000,,0.25,4,305,-10,48.62214843749998,120.31960156249994,18,10,126.7203125,0,0.0,0.0,10.23,147.1859375,710.7984375000001,22,/Users/Liam/Desktop/UW/ECM/raw_data/2024-07-19/2024-07-19-16-24-pico2303-11.txt
348,pico2303,2024-07-19-16-12,13_1,half,AC,10,25,1000,,0.25,4,305,-10,47.86362109374998,120.01251953124994,18,10,77.415625,0.0,0.0,0.0,11.48,86.1765625,741.828125,22,/Users/Liam/Desktop/UW/ECM/raw_data/2024-07-19/2024-07-19-16-12-pico2303-13_1.txt
331,pico2303,2024-07-19-16-20,13_1,half,DC,10,25,1000,MIGHT ACTUALLY BE TOP OR LEFT,0.25,2,305,-10,47.86362109374998,120.01251953124994,18,10,77.415625,0.0,0.0,0.0,11.48,86.1765625,741.828125,22,/Users/Liam/Desktop/UW/ECM/raw_data/2024-07-19/2024-07-19-16-20-pico2303-13_1.txt
342,pico2303,2024-07-19-15-54,14_2,half,AC,10,25,1000,smol crack,0.25,4,305,-10,49.40746484374998,117.09102343749994,18,10,133.428125,0,0.0,0.0,12.38,151.61406250000002,775.9578125,22,/Users/Liam/Desktop/UW/ECM/raw_data/2024-07-19/2024-07-19-15-54-pico2303-14_2.txt
358,pico2303,2024-07-19-16-03,14_2,half,DC,10,25,1000,,0.25,2,305,-10,49.40746484374998,117.09102343749994,18,10,133.428125,0,0.0,0.0,12.38,151.61406250000002,775.9578125,22,/Users/Liam/Desktop/UW/ECM/raw_data/2024-07-19/2024-07-19-16-03-pico2303-14_2.txt
340,pico2303,2024-07-19-15-40,15,half,AC,10,25,1000,,0.25,4,305,-10,47.63641015624997,118.72912499999994,18,10,115.7421875,0,0.0,0.0,13.03,126.78750000000001,741.6421875000001,22,/Users/Liam/Desktop/UW/ECM/raw_data/2024-07-19/2024-07-19-15-40-pico2303-15.txt
349,pico2303,2024-07-19-15-50,15,half,DC,10,25,1000,crack,0.25,2,305,-10,47.63641015624997,118.72912499999994,18,10,115.7421875,0,0.0,0.0,13.03,126.78750000000001,741.6421875000001,22,/Users/Liam/Desktop/UW/ECM/raw_data/2024-07-19/2024-07-19-15-50-pico2303-15.txt
356,pico2303,2024-07-19-15-26,16,half,AC,10,25,1000,,0.25,4,305,-10,47.27922265624997,120.74921874999994,18,10,73.36562500000001,0,0.0,0.0,13.67,87.7125,772.4937500000001,22,/Users/Liam/Desktop/UW/ECM/raw_data/2024-07-19/2024-07-19-15-26-pico2303-16.txt
345,pico2303,2024-07-19-15-34,16,half,DC,10,25,1000,,0.25,2,305,-10,47.27922265624997,120.74921874999994,18,10,73.36562500000001,0,0.0,0.0,13.67,87.7125,772.4937500000001,22,/Users/Liam/Desktop/UW/ECM/raw_data/2024-07-19/2024-07-19-15-34-pico2303-16.txt
353,pico2303,2024-07-19-15-03,17,half,AC,10,25,1000,crack,0.25,4,305,-10,45.07805468749998,117.90015234374994,18,10,75.1015625,0,0.0,0.0,14.37,94.24062500000001,765.6031250000001,22,/Users/Liam/Desktop/UW/ECM/raw_data/2024-07-19/2024-07-19-15-03-pico2303-17.txt
351,pico2303,2024-07-19-15-12,17,half,DC,10,25,1000,cerack,0.25,2,305,-10,45.07805468749998,117.90015234374994,18,10,75.1015625,0,0.0,0.0,14.37,94.24062500000001,765.6031250000001,22,/Users/Liam/Desktop/UW/ECM/raw_data/2024-07-19/2024-07-19-15-12-pico2303-17.txt
357,pico2303,2024-07-19-14-45,18,half,AC,10,25,1000,,0.25,4,305,-10,48.137464843749974,117.31128906249994,18,10,0.0,0,0.0,0.0,15.1,5.5171875,630.9312500000001,22,/Users/Liam/Desktop/UW/ECM/raw_data/2024-07-19/2024-07-19-14-45-pico2303-18.txt
363,pico2303,2024-07-19-14-54,18,half,DC,10,25,1000,,0.25,2,305,-10,48.137464843749974,117.31128906249994,18,10,0.0,0,0.0,0.0,15.1,5.5171875,630.9312500000001,22,/Users/Liam/Desktop/UW/ECM/raw_data/2024-07-19/2024-07-19-14-54-pico2303-18.txt
359,pico2303,2024-07-19-14-26,19,half,AC,10,25,1000,,0.25,4,305,-10,45.628222656249974,117.10342578124994,18,10,36.8171875,0,0.0,0.0,15.76,45.7109375,690.6328125,22,/Users/Liam/Desktop/UW/ECM/raw_data/2024-07-19/2024-07-19-14-26-pico2303-19.txt
350,pico2303,2024-07-19-14-36,19,half,DC,10,25,1000,,0.25,2,305,-10,45.628222656249974,117.10342578124994,18,10,36.8171875,0,0.0,0.0,15.76,45.7109375,690.6328125,22,/Users/Liam/Desktop/UW/ECM/raw_data/2024-07-19/2024-07-19-14-36-pico2303-19.txt
347,pico2303,2024-07-19-14-09,20_1,half,AC,10,25,1000,,0.25,4,305,-10,45.99037109374998,119.68063281249994,18,10,182.6796875,0,0.0,0.0,16.43,205.86562500000002,402.409375,22,/Users/Liam/Desktop/UW/ECM/raw_data/2024-07-19/2024-07-19-14-09-pico2303-20_1.txt
337,pico2303,2024-07-19-14-17,20_1,half,DC,10,25,1000,,0.25,2,305,-10,45.99037109374998,119.68063281249994,18,10,182.6796875,0,0.0,0.0,16.43,205.86562500000002,402.409375,22,/Users/Liam/Desktop/UW/ECM/raw_data/2024-07-19/2024-07-19-14-17-pico2303-20_1.txt
341,pico2303,2024-07-19-13-57,20_2,half,AC,10,25,1000,,0.25,4,305,-10,45.79391796874998,121.73346874999993,18,10,241.66875000000002,0,0.0,0.0,16.66,254.27187500000002,460.203125,22,/Users/Liam/Desktop/UW/ECM/raw_data/2024-07-19/2024-07-19-13-57-pico2303-20_2.txt
361,pico2303,2024-07-19-14-06,20_2,half,DC,10,25,1000,,0.25,2,305,-10,45.79391796874998,121.73346874999993,18,10,241.66875000000002,0,0.0,0.0,16.66,254.27187500000002,460.203125,22,/Users/Liam/Desktop/UW/ECM/raw_data/2024-07-19/2024-07-19-14-06-pico2303-20_2.txt
360,pico2303,2024-07-19-13-43,20_3,half,AC,10,25,1000,,0.25,4,305,-10,47.30799609374998,121.54743359374993,18,10,118.7703125,0,0.0,0.0,16.87,138.19375,467.146875,22,/Users/Liam/Desktop/UW/ECM/raw_data/2024-07-19/2024-07-19-13-43-pico2303-20_3.txt
335,pico2303,2024-07-19-13-52,20_3,half,DC,10,25,1000,,0.25,2,305,-10,47.30799609374998,121.54743359374993,18,10,118.7703125,0,0.0,0.0,16.87,138.19375,467.146875,22,/Users/Liam/Desktop/UW/ECM/raw_data/2024-07-19/2024-07-19-13-52-pico2303-20_3.txt
333,pico2303,2024-07-19-12-09,21,half,AC,10,25,1000,,0.25,4,305,-10,45.18818749999998,120.63164453124995,18,10,63.8640625,0,0.0,0.0,17.23,75.078125,748.2843750000001,22,/Users/Liam/Desktop/UW/ECM/raw_data/2024-07-19/2024-07-19-12-09-pico2303-21.txt
344,pico2303,2024-07-19-12-16,21,half,DC,10,25,1000,,0.25,2,305,-10,45.18818749999998,120.63164453124995,18,10,63.8640625,0,0.0,0.0,17.23,75.078125,748.2843750000001,22,/Users/Liam/Desktop/UW/ECM/raw_data/2024-07-19/2024-07-19-12-16-pico2303-21.txt
339,pico2303,2024-07-19-11-57,22,half,AC,10,25,1000,,0.25,4,305,-10,48.164253906249975,122.13927343749994,18,10,99.60625,0,0.0,0.0,17.92,116.2234375,455.06718750000005,22,/Users/Liam/Desktop/UW/ECM/raw_data/2024-07-19/2024-07-19-11-57-pico2303-22.txt
355,pico2303,2024-07-19-12-04,22,half,DC,10,25,1000,,0.25,2,305,-10,48.164253906249975,122.13927343749994,18,10,99.60625,0,0.0,0.0,17.92,116.2234375,455.06718750000005,22,/Users/Liam/Desktop/UW/ECM/raw_data/2024-07-19/2024-07-19-12-04-pico2303-22.txt
354,pico2303,2024-07-19-11-45,23,half,AC,10,25,1000,,0.25,4,305,-10,45.338007812499974,118.76186718749994,18,10,137.446875,0,0.0,0.0,18.29,148.759375,730.2921875000001,22,/Users/Liam/Desktop/UW/ECM/raw_data/2024-07-19/2024-07-19-11-45-pico2303-23.txt
352,pico2303,2024-07-19-11-53,23,half,DC,10,25,1000,,0.25,2,305,-10,45.338007812499974,118.76186718749994,18,10,137.446875,0,0.0,0.0,18.29,148.759375,730.2921875000001,22,/Users/Liam/Desktop/UW/ECM/raw_data/2024-07-19/2024-07-19-11-53-pico2303-23.txt
343,pico2303,2024-07-19-11-32,24,half,AC,10,25,1000,,0.25,4,305,-10,47.424082031249974,120.69216796874993,18,10,62.19375,0,0.0,0.0,18.89,75.5109375,721.875,22,/Users/Liam/Desktop/UW/ECM/raw_data/2024-07-19/2024-07-19-11-32-pico2303-24.txt
346,pico2303,2024-07-19-11-40,24,half,DC,10,25,1000,,0.25,2,305,-10,47.424082031249974,120.69216796874993,18,10,62.19375,0,0.0,0.0,18.89,75.5109375,721.875,22,/Users/Liam/Desktop/UW/ECM/raw_data/2024-07-19/2024-07-19-11-40-pico2303-24.txt
336,pico2303,2024-07-19-11-20,25_1,half,AC,10,25,1000,,0.25,4,305,-10,48.357234374999976,119.95546874999994,18,10,40.1296875,0,0.0,0.0,19.57,52.615625,693.0859375,22,/Users/Liam/Desktop/UW/ECM/raw_data/2024-07-19/2024-07-19-11-20-pico2303-25_1.txt
362,pico2303,2024-07-19-11-28,25_1,half,DC,10,25,1000,,0.25,2,305,-10,48.357234374999976,119.95546874999994,18,10,40.1296875,0,0.0,0.0,19.57,52.615625,693.0859375,22,/Users/Liam/Desktop/UW/ECM/raw_data/2024-07-19/2024-07-19-11-28-pico2303-25_1.txt
338,pico2303,2024-07-19-11-11,25_2,half,AC,10,25,1000,,0.25,4,305,-10,47.50990624999998,122.41460546874994,18,10,128.64375,0,0.0,0.0,20.24,140.22343750000002,454.20000000000005,22,/Users/Liam/Desktop/UW/ECM/raw_data/2024-07-19/2024-07-19-11-11-pico2303-25_2.txt
334,pico2303,2024-07-19-11-15,25_2,half,DC,10,25,1000,,0.25,2,305,-10,47.50990624999998,122.41460546874994,18,10,128.64375,0,0.0,0.0,20.24,140.22343750000002,454.20000000000005,22,/Users/Liam/Desktop/UW/ECM/raw_data/2024-07-19/2024-07-19-11-15-pico2303-25_2.txt
