core,section,ave_depth,ave_depth_adj,y_m,x_m,ID,cut,Li,Rb,Sr,Zr,Mo,Cd,Cs,Ba,La,Ce,Pr,Nd,Sm,Eu,Tb,Gd,Dy,Ho,Er,Tm,Yb,Lu,Pb,Th,U,Be,W,Na,Mg,Al,P,Ca,Ti,V,Cr,Mn,Fe,Co,Ni,Cu,Zn,S,Si,K,As,top_depth,bot_depth,top_depth_adj,bot_depth_adj
alhic2302,159_3,129.83337665,129.80829499307208,0.016,0.045,1,stick2,28.738,39.025,547.947,7.975,3.033,1.367,2.926,319.658,15.866,31.067,3.325,12.888,2.623,0.928,0.369,2.214,1.822,0.376,0.998,0.143,0.856,0.132,32.091,3.113,1.757,1.746,13.22,72.949,28.627,98.585,5.39,69.044,781.748,30.585,35.286,435.012,15.411,7.922,60.508,255.825,487.715,62.997,164.468,9.286,5.109,129.8272,129.8395533,129.8021183430721,129.8144716430721
alhic2302,159_3,129.84638752499998,129.82130586807207,0.016,0.045,2,stick2,19.214,26.729,147.899,9.633,1.503,0.634,1.939,122.889,10.002,17.729,3.1,6.981,1.189,0.336,0.174,1.121,1.0,0.191,0.564,0.089,0.523,0.082,12.486,3.986,1.007,0.852,8.812,61.728,19.863,21.956,9.476,23.535,463.68,18.89,17.263,319.055,9.281,4.919,37.735,75.589,289.857,57.467,32.294,6.488,3.649,129.8395533,129.85322175,129.8144716430721,129.82814009307208
alhic2302,159_3,129.860055975,129.83497431807208,0.016,0.045,3,stick2,18.68,24.074,106.958,6.205,0.99,0.796,1.632,102.79,12.344,22.753,2.494,8.791,1.576,0.317,0.247,1.601,1.387,0.301,0.801,0.118,0.675,0.096,12.596,3.3,0.921,0.559,25.647,64.314,23.904,15.271,0.372,23.747,316.143,18.807,11.958,438.066,10.096,7.589,44.413,66.835,311.71,93.721,13.514,6.215,4.848,129.85322175,129.8668902,129.82814009307208,129.8418085430721
alhic2302,159_3,129.87389159999998,129.84880994307207,0.016,0.045,4,stick2,17.966,24.392,100.603,7.484,1.252,0.768,1.531,94.445,8.966,16.261,1.706,5.667,1.109,0.263,0.167,0.903,0.9,0.204,0.529,0.07,0.495,0.067,7.005,2.74,0.829,0.279,15.248,60.582,21.837,11.686,0.358,22.871,343.898,18.644,11.136,334.036,8.077,5.781,34.08,38.984,231.132,63.569,15.291,5.643,1.825,129.8668902,129.880893,129.8418085430721,129.85581134307208
alhic2302,159_3,129.88799749999998,129.86291584307207,0.016,0.045,5,stick2,19.511,27.454,100.85,11.964,1.08,0.648,1.656,83.926,11.225,20.415,2.282,8.055,1.562,0.286,0.224,1.319,1.155,0.237,0.653,0.097,0.587,0.078,6.877,3.592,0.992,0.671,11.252,65.095,20.934,12.479,0.356,21.272,429.342,20.52,14.444,431.649,8.892,7.954,48.399,37.559,191.068,61.02,26.043,6.718,3.076,129.880893,129.89510199999998,129.85581134307208,129.87002034307207
alhic2302,159_3,129.90245505,129.87737339307208,0.016,0.045,6,stick2,19.379,25.122,105.683,8.696,1.216,0.93,1.835,84.877,10.944,19.389,2.038,7.531,1.339,0.293,0.209,1.269,1.056,0.244,0.686,0.093,0.516,0.103,7.877,3.452,0.922,0.545,11.868,62.594,20.805,11.786,0.364,23.734,332.327,17.232,15.472,394.603,8.569,7.274,44.262,41.933,230.882,68.339,11.92,6.167,2.242,129.89510199999998,129.9098081,129.87002034307207,129.88472644307208
alhic2302,159_3,129.91749554999998,129.89241389307207,0.016,0.045,7,stick2,21.82,44.448,113.737,43.502,1.447,1.156,2.594,101.821,23.473,44.589,4.648,16.005,3.045,0.466,0.48,2.808,2.698,0.521,1.495,0.214,1.355,0.22,18.693,7.483,1.695,1.676,76.731,69.096,21.799,19.496,0.8,25.506,537.991,22.25,19.225,525.983,12.799,10.506,176.577,998.748,534.247,69.635,24.125,10.566,4.952,129.9098081,129.925183,129.88472644307208,129.9001013430721
alhic2302,159_3,129.932389,129.9073073430721,0.016,0.045,8,stick2,27.932,74.815,212.282,34.372,3.874,1.05,3.515,163.185,52.018,103.182,10.892,39.484,6.681,1.055,0.937,5.429,4.83,0.966,2.613,0.423,2.53,0.385,13.545,10.157,3.261,2.836,14.355,87.331,27.543,42.93,0.736,34.189,1165.093,27.225,15.592,721.501,17.579,9.048,41.836,42.502,179.541,69.798,96.314,15.034,5.109,129.925183,129.939595,129.9001013430721,129.9145133430721
alhic2302,159_3,129.946606,129.9215243430721,0.016,0.045,9,stick2,19.863,44.811,128.842,45.099,2.331,0.853,2.194,120.173,22.242,42.891,4.598,16.631,2.84,0.485,0.458,2.663,2.536,0.489,1.399,0.199,1.311,0.206,9.458,7.225,1.679,1.104,10.396,70.619,25.268,21.202,0.382,25.842,1905.601,20.967,18.016,559.562,11.293,9.066,43.425,40.762,192.193,77.467,34.653,8.933,3.805,129.939595,129.95361699999998,129.9145133430721,129.92853534307207
alhic2302,159_3,129.96103549999998,129.93595384307207,0.016,0.045,10,stick2,18.051,36.873,111.975,40.055,1.645,0.775,1.86,91.235,16.913,30.367,3.26,11.573,2.225,0.332,0.313,1.901,1.675,0.337,0.907,0.13,0.852,0.121,9.296,5.414,1.254,1.034,10.93,64.489,20.361,14.762,0.373,24.122,497.664,24.915,14.912,441.644,13.497,6.379,31.94,37.737,184.998,61.791,23.902,7.651,18.297,129.95361699999998,129.96845399999998,129.92853534307207,129.94337234307207
alhic2302,159_3,129.97645599999998,129.95137434307208,0.016,0.045,11,stick2,17.318,31.101,104.304,29.656,1.405,0.733,1.687,83.634,13.393,27.462,3.146,10.174,1.77,0.345,0.28,1.504,1.28,0.279,0.772,0.105,0.696,0.105,8.764,4.29,1.035,0.559,9.478,69.467,21.22,12.969,0.377,22.855,425.798,23.989,14.054,433.911,11.111,7.102,34.366,32.613,175.161,64.417,16.683,6.714,2.919,129.96845399999998,129.984458,129.94337234307207,129.95937634307208
alhic2302,159_3,129.992312,129.9672303430721,0.016,0.045,12,stick2,17.342,29.938,111.437,23.954,1.029,0.867,1.542,81.418,10.982,20.438,2.216,7.385,1.495,0.275,0.243,1.398,1.171,0.243,0.663,0.102,0.559,0.086,6.675,3.373,1.025,0.531,9.537,60.837,21.094,12.944,0.355,21.069,443.39,17.405,14.122,382.485,8.002,6.259,30.622,33.291,203.268,58.968,16.021,6.244,5.004,129.984458,130.000166,129.95937634307208,129.9750843430721
alhic2302,159_3,130.007568,129.98248634307208,0.016,0.045,13,stick2,21.31,40.703,125.211,21.034,0.873,0.782,2.623,89.56,16.271,31.123,3.447,12.717,2.302,0.435,0.348,2.088,1.682,0.355,0.905,0.136,0.823,0.128,8.238,3.831,1.022,0.796,8.799,63.938,24.352,18.939,0.314,25.353,428.023,18.53,13.319,513.534,13.066,10.169,37.803,39.692,189.62,86.299,22.204,6.919,3.232,130.000166,130.01497,129.9750843430721,129.9898883430721
alhic2302,159_3,130.0226425,129.99756084307208,0.016,0.045,14,stick2,19.719,27.285,99.903,20.497,1.115,0.528,2.21,74.24,14.862,27.578,2.975,10.47,1.895,0.286,0.249,1.55,1.347,0.257,0.75,0.101,0.609,0.09,6.162,4.094,1.015,0.517,7.674,56.468,19.147,12.309,0.359,20.498,732.998,17.235,10.082,362.854,9.176,5.696,31.865,28.558,212.793,58.438,14.163,6.322,3.284,130.01497,130.030315,129.9898883430721,130.0052333430721
alhic2302,159_3,130.037894,130.01281234307208,0.016,0.045,15,stick2,18.097,26.976,105.122,22.48,9.648,0.402,1.502,76.588,10.904,20.727,2.194,7.484,1.508,0.289,0.213,1.242,1.159,0.212,0.697,0.083,0.524,0.076,6.074,4.087,0.87,0.461,7.408,58.905,18.754,10.85,0.312,20.144,361.562,18.139,24.95,367.925,8.638,7.209,34.555,30.906,140.455,60.07,11.431,6.042,2.502,130.030315,130.045473,130.0052333430721,130.02039134307208
alhic2302,159_3,130.0526025,130.0275208430721,0.016,0.045,16,stick2,18.636,28.806,108.554,24.02,1.364,0.648,1.523,74.45,14.111,26.186,2.653,10.101,1.794,0.334,0.263,1.567,1.444,0.274,0.74,0.109,0.693,0.098,5.874,3.655,1.037,0.671,11.129,59.412,23.019,13.757,0.427,21.498,460.804,17.082,16.804,435.617,9.115,7.517,32.604,29.875,134.077,62.488,21.649,6.658,4.014,130.045473,130.059732,130.02039134307208,130.0346503430721
alhic2302,159_3,130.067177,130.04209534307208,0.016,0.045,17,stick2,19.77,27.039,99.818,22.23,1.374,0.641,1.699,74.87,14.41,27.706,3.001,10.784,1.837,0.338,0.261,1.712,1.416,0.273,0.742,0.104,0.657,0.105,8.699,3.854,0.912,0.894,9.782,55.222,23.35,13.653,0.367,21.59,444.304,21.949,16.394,407.788,9.663,9.102,41.051,27.172,129.305,62.824,14.38,6.217,3.441,130.059732,130.074622,130.0346503430721,130.0495403430721
alhic2302,159_3,130.082349,130.05726734307208,0.016,0.045,18,stick2,20.273,29.308,108.225,27.103,0.981,0.585,2.703,76.438,15.135,27.725,3.049,11.07,2.039,0.433,0.299,1.639,1.386,0.263,0.716,0.099,0.719,0.092,6.084,4.191,1.029,0.517,9.618,62.342,26.645,14.177,5.49,22.35,446.048,18.52,11.551,370.82,8.336,6.326,29.341,28.166,140.743,61.429,15.648,6.166,3.128,130.074622,130.09007599999998,130.0495403430721,130.06499434307207
alhic2302,159_3,130.098651,130.07356934307208,0.016,0.045,19,stick2,21.905,31.503,104.01,14.362,0.645,0.444,1.794,94.023,14.807,27.849,3.061,11.264,2.222,0.406,0.322,1.917,1.706,0.345,0.853,0.136,0.826,0.108,88.393,3.703,1.049,1.034,8.323,60.985,21.226,13.168,3.934,21.385,427.324,21.455,13.006,407.841,10.246,6.966,105.877,29.981,234.876,59.88,19.297,6.985,2.346,130.09007599999998,130.107226,130.06499434307207,130.0821443430721
alhic2302,159_3,130.11460599999998,130.08952434307207,0.016,0.045,20,stick2,18.687,32.041,135.993,24.347,6.921,0.817,1.788,205.134,15.022,28.198,3.095,11.316,2.238,0.431,0.297,1.88,1.669,0.336,0.882,0.154,0.797,0.114,15.732,4.44,1.287,0.936,7.374,62.03,24.638,15.27,5.212,28.551,710.287,28.487,15.568,417.2,10.862,7.157,58.487,98.465,445.857,68.106,18.233,7.586,3.545,130.107226,130.121986,130.0821443430721,130.09690434307208
alhic2302,159_3,130.13045549999998,130.10537384307207,0.016,0.045,21,stick2,18.607,27.506,106.068,18.96,0.721,0.599,1.473,82.407,12.732,23.155,2.574,9.063,1.767,0.361,0.239,1.46,1.227,0.23,0.596,0.091,0.63,0.08,7.049,3.518,1.022,0.643,9.5,61.836,23.097,12.344,5.812,21.056,398.166,19.426,11.005,368.157,7.763,6.194,30.84,30.478,120.578,60.117,14.404,5.991,3.441,130.121986,130.138925,130.09690434307208,130.1138433430721
alhic2302,159_3,130.1466845,130.12160284307208,0.016,0.045,22,stick2,17.349,26.681,101.429,14.959,0.672,0.578,1.401,78.81,12.306,23.642,2.487,8.733,1.796,0.34,0.253,1.409,1.282,0.267,0.709,0.106,0.633,0.092,6.273,3.271,0.951,0.615,7.419,60.637,22.086,12.627,4.897,22.41,336.33,15.529,12.395,387.067,7.586,6.537,32.188,29.77,132.289,66.281,11.838,5.931,2.085,130.138925,130.15444399999998,130.1138433430721,130.12936234307207
alhic2302,159_3,130.16176099999998,130.13667934307207,0.016,0.045,23,stick2,21.741,37.462,106.782,18.86,1.975,0.712,1.947,95.697,20.632,37.671,4.154,14.637,2.671,0.436,0.407,2.313,2.07,0.424,1.18,0.177,1.062,0.164,10.196,5.482,1.399,1.118,9.618,73.535,26.128,19.189,5.623,22.132,717.171,31.27,20.524,517.64,14.47,9.199,34.389,35.46,150.699,65.193,23.978,8.624,3.284,130.15444399999998,130.16907799999998,130.12936234307207,130.14399634307208
alhic2302,159_3,130.176597,130.15151534307208,0.016,0.045,24,stick2,24.677,71.76,130.405,31.908,3.026,0.782,3.738,139.484,40.21,75.112,8.119,29.958,5.35,0.766,0.787,4.909,4.388,0.89,2.545,0.386,2.412,0.367,12.591,10.514,2.87,2.571,9.822,73.195,25.775,34.569,6.606,31.63,874.263,30.724,27.225,692.983,17.271,9.052,34.262,39.123,150.43,80.112,71.797,14.019,4.692,130.16907799999998,130.184116,130.14399634307208,130.15903434307208
alhic2302,159_3,130.1914645,130.16638284307209,0.016,0.045,25,stick2,19.552,53.272,112.457,45.935,2.157,0.557,3.121,107.982,29.557,55.71,5.922,21.667,3.954,0.5,0.637,3.534,3.377,0.679,2.113,0.305,1.973,0.31,9.391,9.039,2.2,1.662,9.855,70.65,24.946,22.977,5.138,27.44,651.404,20.622,15.042,636.191,14.126,8.18,35.038,33.077,137.946,63.758,37.947,10.626,4.587,130.184116,130.198813,130.15903434307208,130.1737313430721
alhic2302,159_3,130.20644049999999,130.18135884307208,0.016,0.045,26,stick2,19.3,36.013,114.742,45.909,1.49,0.627,1.832,91.711,17.61,33.934,3.738,13.005,2.385,0.381,0.371,2.052,1.763,0.369,1.059,0.148,0.914,0.143,6.932,5.417,1.215,0.712,8.237,65.395,23.705,17.055,4.392,24.501,563.966,21.436,19.454,462.821,9.849,8.242,38.347,33.254,141.569,67.446,25.672,8.102,3.232,130.198813,130.214068,130.1737313430721,130.1889863430721
alhic2302,159_3,130.220034,130.1949523430721,0.016,0.045,27,stick2,30.776,73.19,195.894,49.605,2.348,1.092,3.844,253.456,39.281,73.795,8.003,28.981,5.254,0.937,0.778,4.648,4.178,0.818,2.442,0.345,2.153,0.299,14.479,11.197,2.501,2.235,13.65,72.953,30.349,37.082,6.832,32.393,1415.938,56.355,42.979,708.436,23.631,12.326,71.433,53.78,247.446,88.517,78.702,15.283,6.256,130.214068,130.226,130.1889863430721,130.2009183430721
alhic2302,158,128.75498035,128.7798062443296,0.016,-0.0495,28,stick2,22.801,68.94,182.719,26.271,6.062,5.387,2.948,363.854,23.216,42.111,4.289,15.036,2.979,0.621,0.4,2.449,2.11,0.409,1.082,0.171,0.985,0.17,26.62,6.083,2.563,2.445,12.039,59.03,21.535,32.96,0.918,26.5,977.351,43.776,82.22,465.675,22.944,9.633,73.113,216.888,443.818,71.569,72.352,19.92,7.715,128.7483,128.7616607,128.77312589432958,128.78648659432957
alhic2302,158,128.76783745,128.79266334432958,0.016,-0.0495,29,stick2,20.127,37.211,212.761,19.837,1.984,1.614,1.984,3079.21,23.615,42.589,4.598,16.188,3.016,0.911,0.421,2.538,2.175,0.423,1.127,0.182,1.017,0.155,16.348,6.235,1.47,1.285,4.681,60.014,24.556,24.017,0.546,24.265,1083.988,33.079,21.315,422.127,13.507,8.051,37.901,66.729,216.106,56.024,40.531,9.36,3.545,128.7616607,128.7740142,128.78648659432957,128.7988400943296
alhic2302,158,128.7821594,128.8069852943296,0.016,-0.0495,30,stick2,20.169,41.476,116.014,25.089,1.084,0.987,3.498,157.869,21.558,42.212,4.403,15.929,2.888,0.527,0.37,2.333,1.847,0.368,0.993,0.147,0.864,0.145,15.365,6.504,1.185,0.88,3.416,58.814,28.523,18.836,6.318,23.962,1066.405,28.633,18.709,545.816,11.152,9.986,40.125,78.861,169.072,71.989,25.057,9.096,4.692,128.7740142,128.7903046,128.7988400943296,128.8151304943296
alhic2302,158,128.7977048,128.82253069432957,0.016,-0.0495,31,stick2,19.214,25.528,243.637,18.245,1.123,0.944,1.761,107.14,12.102,22.107,2.335,7.675,1.464,0.338,0.207,1.258,1.12,0.219,0.625,0.085,0.532,0.083,8.569,3.508,0.939,0.824,5.407,57.959,21.69,14.142,4.624,19.986,419.913,20.097,21.003,394.405,10.224,6.976,58.849,130.95,193.53,55.509,21.244,6.986,4.275,128.7903046,128.805105,128.8151304943296,128.82993089432958
alhic2302,158,128.8135235,128.83834939432958,0.016,-0.0495,32,stick2,19.112,22.487,106.864,11.946,1.063,0.74,1.697,98.534,10.655,19.867,2.15,7.791,1.398,0.347,0.209,1.247,1.094,0.223,0.584,0.088,0.502,0.081,7.292,2.888,0.797,0.629,6.241,53.588,20.065,12.729,6.151,21.864,394.065,19.729,18.57,396.405,9.157,7.192,40.502,47.306,179.81,58.142,15.491,5.944,3.024,128.805105,128.821942,128.82993089432958,128.8467678943296
alhic2302,158,128.8292705,128.8540963943296,0.016,-0.0495,33,stick2,19.52,20.094,96.123,13.409,0.859,1.473,1.619,89.911,10.852,21.219,2.431,9.116,1.682,0.374,0.249,1.409,1.211,0.227,0.644,0.094,0.498,0.082,7.477,2.627,0.706,0.685,6.097,58.363,22.527,16.935,4.814,23.36,362.448,19.238,31.398,382.599,8.775,7.184,40.32,49.51,190.984,70.456,13.915,5.341,3.232,128.821942,128.836599,128.8467678943296,128.8614248943296
alhic2302,158,128.843826,128.8686518943296,0.016,-0.0495,34,stick2,19.887,22.907,106.496,13.241,0.598,0.634,1.757,103.326,9.863,18.658,1.99,6.612,1.385,0.327,0.205,1.211,1.042,0.2,0.598,0.078,0.514,0.074,7.234,2.807,0.771,0.671,4.169,64.201,20.891,14.168,6.381,23.268,407.003,20.343,15.734,366.354,8.826,6.541,30.192,42.146,113.005,54.064,20.598,6.05,2.711,128.836599,128.851053,128.8614248943296,128.8758788943296
alhic2302,158,128.857857,128.88268289432958,0.016,-0.0495,35,stick2,23.547,33.35,129.572,13.72,1.485,0.698,2.391,123.465,15.604,28.435,3.069,11.885,2.097,0.455,0.287,1.741,1.5,0.311,0.852,0.118,0.76,0.109,9.506,4.497,1.095,0.992,11.507,60.966,26.551,18.111,8.373,22.572,556.686,30.905,28.678,475.953,12.487,8.022,31.917,38.164,116.338,61.041,36.922,8.02,3.128,128.851053,128.864661,128.8758788943296,128.8894868943296
alhic2302,158,128.8715505,128.8963763943296,0.016,-0.0495,36,stick2,23.501,34.014,131.534,14.093,0.943,0.775,2.095,158.224,13.858,27.748,2.798,10.011,1.809,0.41,0.261,1.676,1.44,0.271,0.828,0.112,0.686,0.108,7.705,4.523,1.1,0.699,3.183,59.257,26.475,19.531,4.639,22.333,579.988,28.636,29.863,473.123,11.794,9.369,84.92,42.574,126.879,59.773,25.824,8.317,3.91,128.864661,128.87844,128.8894868943296,128.9032658943296
alhic2302,158,128.8853315,128.9101573943296,0.016,-0.0495,37,stick2,22.25,30.159,117.858,13.43,1.283,0.62,1.904,103.389,14.652,26.244,2.771,9.917,1.928,0.413,0.252,1.643,1.275,0.243,0.685,0.097,0.53,0.082,6.728,3.861,1.025,0.293,24.36,56.148,23.948,16.014,5.204,22.163,500.876,22.162,16.51,416.922,9.508,7.357,32.701,37.736,105.616,57.979,28.81,7.383,4.692,128.87844,128.892223,128.9032658943296,128.91704889432958
alhic2302,158,128.899043,128.9238688943296,0.016,-0.0495,38,stick2,23.274,27.077,116.843,15.765,0.992,2.234,1.559,122.328,12.403,24.046,2.6,9.179,1.844,0.386,0.227,1.55,1.262,0.227,0.63,0.094,0.556,0.097,11.089,3.711,0.946,0.489,11.109,64.685,20.828,15.034,5.493,26.125,490.144,22.742,17.4,332.134,9.419,6.762,35.94,44.174,121.957,53.403,18.824,6.556,4.327,128.892223,128.905863,128.91704889432958,128.9306888943296
alhic2302,158,128.9128425,128.9376683943296,0.016,-0.0495,39,stick2,26.328,45.215,143.139,14.363,0.762,0.55,3.059,168.882,17.444,33.563,3.756,13.134,2.527,0.556,0.372,2.223,1.897,0.394,1.056,0.148,0.976,0.142,11.025,6.153,1.196,1.146,3.573,58.153,26.811,24.2,5.609,24.716,755.897,41.308,26.872,504.692,17.51,9.611,39.091,54.739,123.972,57.222,37.754,9.46,4.9,128.905863,128.919822,128.9306888943296,128.9446478943296
alhic2302,158,128.926762,128.95158789432958,0.016,-0.0495,40,stick2,25.068,68.763,124.338,13.625,0.611,0.5,6.74,163.787,27.54,52.233,5.864,21.811,4.786,0.904,0.636,3.96,3.14,0.541,1.374,0.199,1.134,0.178,13.44,10.011,1.269,1.118,2.514,53.092,26.384,23.577,4.378,22.957,553.502,30.157,20.575,532.339,18.646,9.511,35.133,36.846,115.105,63.369,29.511,10.983,3.493,128.919822,128.933702,128.9446478943296,128.9585278943296
alhic2302,158,128.9406805,128.9655063943296,0.016,-0.0495,41,stick2,18.901,17.681,94.785,10.11,0.262,0.317,5.645,154.569,20.19,50.382,5.039,20.254,4.042,0.544,0.508,3.017,3.03,0.515,1.018,0.102,1.013,0.203,11.221,9.052,1.135,1.182,4.361,46.139,17.162,20.87,4.113,19.032,569.377,31.106,28.842,329.343,1.909,5.258,24.505,41.177,134.65,57.302,30.401,4.056,3.052,128.933702,128.94765900000002,128.9585278943296,128.9724848943296
alhic2302,158,128.9546375,128.97946339432957,0.016,-0.0495,42,stick2,26.61,50.234,127.295,51.857,1.575,0.528,4.04,160.434,21.329,44.166,5.106,18.282,4.125,0.848,0.581,3.543,2.942,0.529,1.411,0.192,1.207,0.179,9.457,8.776,1.261,1.146,9.185,63.451,28.323,22.518,6.477,21.922,805.757,32.61,30.436,506.071,15.162,9.693,38.466,33.646,179.194,62.904,33.044,9.138,3.493,128.94765900000002,128.961616,128.9724848943296,128.98644189432957
alhic2302,158,128.968594,128.99341989432958,0.016,-0.0495,43,stick2,22.554,37.559,116.726,15.325,0.591,0.486,3.002,121.285,16.851,31.613,3.551,12.117,2.509,0.52,0.337,2.176,1.895,0.335,0.859,0.135,0.776,0.104,6.724,5.496,1.083,0.433,4.341,66.465,26.334,18.33,5.186,20.794,564.088,24.711,21.087,429.838,11.507,7.749,33.868,29.235,104.566,60.61,25.412,7.567,4.379,128.961616,128.975572,128.98644189432957,129.00039789432958
alhic2302,158,128.9827075,129.00753339432958,0.016,-0.0495,44,stick2,22.76,32.544,126.279,12.029,0.616,0.458,2.672,112.409,15.997,31.057,3.405,12.243,2.365,0.492,0.342,2.087,1.844,0.325,0.879,0.117,0.742,0.103,6.579,5.08,0.877,0.601,2.278,58.534,24.899,17.904,3.648,23.328,503.12,21.805,17.497,433.901,10.505,8.157,31.021,53.283,101.459,63.229,19.104,6.66,3.597,128.975572,128.989843,129.00039789432958,129.0146688943296
alhic2302,158,128.9967955,129.02162139432957,0.016,-0.0495,45,stick2,21.747,35.114,135.378,13.309,0.688,0.585,2.821,145.565,17.971,34.014,3.805,13.564,2.764,0.539,0.362,2.259,1.862,0.345,1.048,0.132,0.788,0.121,10.132,5.899,1.126,0.936,3.523,62.931,29.259,22.08,5.872,26.372,709.247,30.471,18.377,491.153,14.071,8.772,33.032,31.903,92.649,69.142,34.076,8.322,4.64,128.989843,129.003748,129.0146688943296,129.02857389432958
alhic2302,158,129.0108815,129.0357073943296,0.016,-0.0495,46,stick2,20.953,26.299,120.527,11.546,0.467,0.5,2.036,115.604,13.755,25.707,2.833,10.339,2.004,0.436,0.273,1.764,1.51,0.26,0.798,0.106,0.614,0.093,5.668,4.135,0.855,0.685,2.526,56.007,25.461,16.278,4.529,23.695,557.604,23.895,12.965,421.064,10.445,7.372,29.084,26.103,71.727,56.059,19.556,6.537,3.18,129.003748,129.018015,129.02857389432958,129.04284089432957
alhic2302,158,129.0249295,129.0497553943296,0.016,-0.0495,47,stick2,21.439,26.633,137.304,11.213,0.458,0.331,2.143,122.955,82.936,169.36,19.644,70.866,12.696,1.94,0.933,8.085,3.471,0.474,1.157,0.138,0.806,0.116,7.198,7.578,0.975,0.587,2.051,57.177,25.378,17.163,4.841,29.553,594.752,30.041,16.914,439.765,13.29,7.352,28.995,28.948,86.065,63.017,25.616,6.763,3.441,129.018015,129.031844,129.04284089432957,129.0566698943296
alhic2302,158,129.0386995,129.0635253943296,0.016,-0.0495,48,stick2,23.608,37.18,166.18,12.217,0.902,0.55,2.397,163.133,21.606,43.752,5.064,18.895,3.651,0.834,0.546,3.257,2.89,0.556,1.584,0.196,1.197,0.172,10.201,5.543,1.158,0.685,16.63,63.427,31.506,28.723,5.849,36.325,715.205,42.831,31.031,611.28,16.147,14.572,48.776,44.032,110.472,101.947,27.769,8.418,5.526,129.031844,129.045555,129.0566698943296,129.0703808943296
alhic2302,158,129.0525245,129.07735039432959,0.016,-0.0495,49,stick2,21.626,34.503,150.398,14.244,0.676,0.381,2.414,143.922,16.704,33.3,3.578,12.607,2.355,0.582,0.355,2.11,1.712,0.354,0.981,0.19,0.879,0.142,8.203,4.613,2.025,0.88,6.977,60.977,27.518,20.777,5.148,28.42,856.132,32.717,20.277,530.115,14.389,9.767,33.508,35.389,97.381,71.528,34.265,8.029,4.848,129.045555,129.059494,129.0703808943296,129.08431989432958
alhic2302,158,129.065822,129.09064789432958,0.016,-0.0495,50,stick2,21.407,40.282,143.974,14.765,0.975,0.493,2.482,164.327,16.001,30.888,3.331,11.971,2.432,0.505,0.319,2.072,1.673,0.315,0.847,0.114,0.76,0.103,13.579,4.226,0.959,0.978,7.435,59.906,27.475,19.439,7.304,23.974,689.91,26.018,14.949,475.371,11.663,8.051,32.663,31.548,82.218,59.339,28.695,9.301,4.275,129.059494,129.07215,129.08431989432958,129.09697589432957
alhic2302,158,129.079037,129.10386289432958,0.016,-0.0495,51,stick2,22.49,35.145,143.128,21.64,0.961,0.303,2.822,141.833,18.16,35.528,3.743,13.781,2.723,0.607,0.381,2.459,1.969,0.381,1.093,0.147,0.873,0.136,7.234,5.003,1.155,0.964,2.355,62.109,26.47,22.53,7.543,24.1,792.798,27.125,14.465,474.116,12.755,10.828,62.639,28.06,82.115,58.758,23.442,6.14,4.483,129.07215,129.085924,129.09697589432957,129.1107498943296
alhic2302,158,129.093363,129.1181888943296,0.016,-0.0495,52,stick2,24.587,31.758,143.157,15.56,1.086,0.627,2.254,131.655,19.369,38.337,4.175,14.776,2.984,0.551,0.348,2.345,1.935,0.348,1.063,0.162,0.901,0.138,7.862,8.027,1.129,1.034,5.904,66.2,27.569,21.45,6.966,26.514,738.972,30.539,16.538,517.244,13.318,10.346,50.932,36.384,124.154,63.237,33.784,8.149,4.327,129.085924,129.10080200000002,129.1107498943296,129.1256278943296
alhic2302,158,129.1079915,129.13281739432958,0.016,-0.0495,53,stick2,24.033,39.607,146.028,13.623,0.767,0.444,3.525,168.196,18.783,36.533,4.069,15.342,2.961,0.543,0.451,2.548,2.366,0.448,1.325,0.185,1.276,0.177,10.933,6.54,1.396,1.243,2.626,71.943,29.038,27.251,1.003,36.942,815.459,47.814,24.107,639.308,16.737,13.858,36.357,37.915,91.353,68.616,44.615,8.764,5.995,129.10080200000002,129.115181,129.1256278943296,129.1400068943296
alhic2302,158,129.1224335,129.14725939432958,0.016,-0.0495,54,stick2,21.772,41.709,143.408,15.271,0.953,0.536,3.616,153.729,20.161,38.916,4.256,15.455,2.904,0.592,0.4,2.512,2.081,0.411,1.18,0.178,1.033,0.159,11.322,6.384,1.29,0.852,2.511,71.845,27.634,24.783,4.951,39.67,756.52,46.78,20.552,537.059,15.475,16.294,33.839,37.522,93.325,67.763,36.586,9.014,5.734,129.115181,129.129686,129.1400068943296,129.15451189432957
alhic2302,158,129.1367865,129.16161239432958,0.016,-0.0495,55,stick2,20.982,34.534,145.008,12.209,0.74,0.331,2.418,140.396,17.799,34.039,3.773,13.304,2.61,0.528,0.376,2.22,1.91,0.358,1.097,0.151,0.958,0.145,7.269,4.715,1.202,1.048,3.621,62.113,26.614,21.798,6.771,29.41,543.066,30.578,14.568,471.913,12.029,9.014,55.85,33.041,87.545,66.629,29.479,8.086,5.004,129.129686,129.143887,129.15451189432957,129.1687128943296
alhic2302,158,129.1509095,129.1757353943296,0.016,-0.0495,56,stick2,20.154,29.383,144.836,13.984,0.643,0.331,2.458,153.951,14.324,28.614,3.218,11.499,2.401,0.481,0.342,1.99,1.883,0.326,0.954,0.124,0.783,0.114,7.968,4.562,0.961,0.754,3.41,54.499,26.902,20.577,5.718,28.931,493.746,29.771,28.881,471.619,12.126,8.907,49.076,35.034,95.261,68.932,21.311,7.175,4.275,129.143887,129.15793200000002,129.1687128943296,129.1827578943296
alhic2302,158,129.164734,129.1895598943296,0.016,-0.0495,57,stick2,24.074,33.951,141.834,13.563,0.566,0.345,2.837,150.786,15.045,27.742,3.041,11.352,2.128,0.485,0.309,1.721,1.627,0.325,0.932,0.153,0.785,0.118,7.744,5.466,0.993,0.489,3.045,60.618,25.827,21.645,5.251,26.814,607.882,34.157,25.963,499.127,14.396,9.314,35.52,31.654,85.222,60.687,29.618,7.546,5.004,129.15793200000002,129.171536,129.1827578943296,129.19636189432958
alhic2302,158,129.178254,129.2030798943296,0.016,-0.0495,58,stick2,26.763,46.971,141.874,12.112,0.638,0.373,3.99,168.87,18.4,35.976,3.977,15.35,2.997,0.573,0.422,2.697,2.232,0.42,1.145,0.164,0.995,0.143,8.192,6.085,1.117,1.369,5.488,62.642,30.184,25.771,6.564,29.158,593.31,41.715,20.668,630.959,15.094,13.755,47.699,31.155,105.121,69.873,39.148,8.992,5.578,129.171536,129.18497200000002,129.19636189432958,129.2097978943296
alhic2302,158,129.1914975,129.21632339432958,0.016,-0.0495,59,stick2,23.6,46.198,147.664,11.273,0.646,0.465,3.918,183.703,16.01,31.008,3.444,12.385,2.532,0.617,0.385,2.201,2.065,0.414,1.159,0.162,1.053,0.147,13.275,6.552,1.312,1.062,3.713,58.37,28.368,27.567,1.113,29.054,820.106,61.412,26.851,534.446,17.898,12.398,36.425,34.712,91.783,59.204,47.135,10.077,5.213,129.18497200000002,129.198023,129.2097978943296,129.2228488943296
alhic2302,158,129.2052835,129.2301093943296,0.016,-0.0495,60,stick2,32.647,64.96,248.117,14.019,1.688,0.972,5.014,278.726,30.723,57.23,6.303,23.289,4.61,1.066,0.649,3.98,3.506,0.704,2.108,0.31,2.073,0.306,12.911,9.594,1.717,1.914,4.989,61.328,30.145,41.243,4.394,34.522,1478.864,57.91,28.803,860.352,25.216,15.06,44.948,47.233,133.046,60.061,77.899,14.011,9.488,129.198023,129.212544,129.2228488943296,129.2373698943296
alhic2302,158,129.219349,129.24417489432957,0.016,-0.0495,61,stick2,19.634,24.458,121.67,15.257,0.371,0.43,1.799,108.867,13.009,26.219,3.0,11.036,2.154,0.523,0.329,1.963,1.617,0.279,0.812,0.109,0.756,0.107,6.514,4.534,0.702,0.838,5.018,55.96,27.385,17.979,4.25,27.666,409.683,20.469,14.462,463.688,10.177,8.606,56.303,39.979,92.445,63.336,19.404,6.836,4.379,129.212544,129.226154,129.2373698943296,129.2509798943296
alhic2302,158,129.232886,129.2577118943296,0.016,-0.0495,62,stick2,19.875,26.309,145.597,14.38,0.522,0.528,1.643,126.373,20.728,39.591,4.262,15.227,2.886,0.63,0.363,2.403,1.963,0.374,0.972,0.137,0.857,0.13,5.702,3.995,0.862,0.587,4.988,56.147,29.277,20.788,4.92,26.984,1234.415,32.812,26.328,493.735,14.961,9.704,36.77,37.806,95.511,64.62,19.834,6.923,2.659,129.226154,129.239618,129.2509798943296,129.2644438943296
alhic2302,158,129.2463365,129.2711623943296,0.016,-0.0495,63,stick2,20.385,22.612,99.888,13.021,0.453,0.282,1.348,81.146,10.575,20.575,2.216,8.149,1.506,0.351,0.204,1.336,1.07,0.232,0.64,0.081,0.518,0.075,7.378,2.829,0.724,0.601,9.147,49.723,25.17,13.853,6.553,20.685,368.281,17.899,12.385,370.804,7.888,6.284,29.581,33.968,89.154,56.481,8.456,5.408,2.398,129.239618,129.25305500000002,129.2644438943296,129.2778808943296
alhic2302,158,129.259671,129.28449689432958,0.016,-0.0495,64,stick2,20.217,25.656,171.825,10.902,0.444,0.564,1.725,124.756,12.485,24.685,2.853,10.315,1.89,0.488,0.3,1.716,1.521,0.286,0.801,0.115,0.615,0.088,6.15,2.818,0.787,0.657,4.088,49.889,23.388,25.413,2.067,25.792,468.404,22.325,15.175,389.151,9.885,7.874,30.32,34.286,101.598,61.213,31.163,6.474,4.587,129.25305500000002,129.266287,129.2778808943296,129.2911128943296
alhic2302,158,129.2730205,129.29784639432958,0.016,-0.0495,65,stick2,21.373,25.673,113.246,9.86,0.276,0.62,1.567,92.035,12.608,26.176,3.043,11.539,2.284,0.44,0.345,2.08,1.861,0.369,1.017,0.129,0.875,0.125,6.676,2.923,0.747,0.587,3.002,58.113,32.067,24.374,4.289,24.175,337.266,19.489,22.499,616.61,12.23,31.418,84.159,46.878,170.92,90.409,12.582,6.449,4.17,129.266287,129.279754,129.2911128943296,129.30457989432958
alhic2302,158,129.286353,129.31117889432957,0.016,-0.0495,66,stick2,20.441,22.372,96.731,9.404,0.378,0.366,1.604,92.116,9.684,19.039,2.112,8.021,1.505,0.34,0.207,1.298,1.174,0.231,0.576,0.089,0.488,0.072,5.072,2.85,0.704,0.461,6.342,52.266,22.281,13.073,5.211,20.731,343.826,18.297,15.237,377.992,8.604,7.007,30.291,28.028,87.405,52.753,11.143,6.004,2.659,129.279754,129.292952,129.30457989432958,129.3177778943296
alhic2302,158,129.2996365,129.32446239432957,0.016,-0.0495,67,stick2,20.285,20.907,90.595,9.29,0.323,0.416,1.251,73.92,8.471,16.759,1.972,7.136,1.256,0.364,0.204,1.155,1.016,0.192,0.565,0.078,0.652,0.071,4.895,2.217,0.624,0.391,6.135,44.38,21.908,10.969,6.503,19.784,345.803,15.358,12.126,338.813,6.908,6.592,39.152,28.701,121.96,50.843,15.655,5.242,2.659,129.292952,129.306321,129.3177778943296,129.33114689432958
alhic2302,158,129.3127045,129.33753039432958,0.016,-0.0495,68,stick2,22.051,22.708,92.123,8.518,0.815,0.585,1.238,74.867,9.74,19.447,2.195,8.435,1.684,0.392,0.227,1.407,1.234,0.253,0.669,0.095,0.611,0.084,6.404,2.387,0.86,0.391,7.41,50.133,21.56,16.952,5.232,21.193,276.366,14.748,14.319,454.082,7.489,6.631,33.966,39.586,130.458,62.98,12.851,5.647,3.388,129.306321,129.319088,129.33114689432958,129.34391389432957
alhic2302,158,129.326011,129.35083689432957,0.016,-0.0495,69,stick2,24.664,25.795,105.588,10.577,0.74,0.528,1.677,102.459,11.022,21.034,2.396,8.361,1.716,0.387,0.246,1.49,1.291,0.245,0.681,0.109,0.618,0.076,6.547,3.332,0.761,0.615,17.269,62.816,24.623,14.723,4.839,25.349,373.943,20.882,14.184,404.65,9.198,6.962,42.98,33.789,104.335,58.433,13.018,6.528,3.388,129.319088,129.332934,129.34391389432957,129.35775989432958
alhic2302,158,129.339306,129.36413189432957,0.016,-0.0495,70,stick2,24.312,32.478,144.614,8.062,0.617,0.458,2.697,146.063,14.072,27.508,3.041,11.769,2.254,0.555,0.315,1.894,1.661,0.325,0.896,0.139,0.754,0.129,9.79,4.047,0.936,1.132,17.601,72.328,24.445,21.117,5.124,31.796,511.677,27.477,15.599,467.612,13.882,8.521,33.328,45.03,124.53,61.932,25.486,7.955,5.109,129.332934,129.345678,129.35775989432958,129.37050389432957
alhic2302,158,129.35299,129.3778158943296,0.016,-0.0495,71,stick2,29.063,42.25,164.447,7.087,0.488,0.683,3.357,196.695,14.21,27.872,3.132,11.387,2.253,0.714,0.329,2.214,1.796,0.333,1.023,0.126,0.808,0.123,9.528,4.608,0.886,1.383,7.446,65.907,27.705,30.302,3.896,29.817,541.578,32.919,19.864,719.935,14.737,11.055,41.035,40.119,129.508,60.042,51.338,10.113,4.431,129.345678,129.360302,129.37050389432957,129.38512789432957
alhic2302,158,129.3673225,129.39214839432958,0.016,-0.0495,72,stick2,25.417,24.629,139.581,7.099,18.53,0.712,1.992,120.265,12.937,24.932,2.763,9.907,1.972,0.46,0.274,1.779,1.527,0.296,0.794,0.12,0.637,0.1,8.4,3.984,0.888,0.671,5.418,60.628,22.673,19.056,0.462,27.312,512.338,25.137,37.034,448.129,11.379,8.046,103.623,88.078,161.175,57.578,19.747,6.953,5.265,129.360302,129.374343,129.38512789432957,129.3991688943296
alhic2302,158,129.38196,129.40678589432957,0.016,-0.0495,73,stick2,25.782,24.994,138.1,6.46,0.809,0.655,2.06,143.059,12.018,24.414,2.754,10.226,2.074,0.486,0.284,1.736,1.506,0.301,0.817,0.113,0.661,0.093,7.529,3.414,0.794,0.726,3.179,57.094,21.183,17.204,0.418,25.566,546.951,22.582,15.205,419.107,10.3,8.189,33.025,31.795,88.083,55.834,19.446,6.458,3.388,129.374343,129.389577,129.3991688943296,129.41440289432958
alhic2302,158,129.397076,129.42190189432958,0.016,-0.0495,74,stick2,25.913,29.541,136.323,10.561,0.507,0.402,2.323,122.957,13.219,25.421,2.843,10.255,2.202,0.474,0.319,1.747,1.487,0.309,0.785,0.116,0.715,0.11,6.562,3.471,0.874,0.489,3.81,68.198,21.035,16.64,0.431,25.722,699.618,26.468,14.446,425.317,10.418,8.684,30.696,26.993,74.421,54.157,34.312,6.799,4.64,129.389577,129.404575,129.41440289432958,129.42940089432958
alhic2302,158,129.411736,129.43656189432957,0.016,-0.0495,75,stick2,25.466,23.696,128.226,7.259,0.625,0.366,1.898,124.487,13.416,26.222,3.006,11.072,2.049,0.485,0.271,1.703,1.36,0.269,0.702,0.093,0.69,0.101,6.699,3.322,0.747,0.517,5.714,62.615,21.819,16.465,0.425,25.727,538.302,23.035,15.802,420.459,10.595,8.589,37.049,32.01,83.311,52.397,18.79,6.387,8.184,129.404575,129.41889700000002,129.42940089432958,129.4437228943296
alhic2302,158,129.4263325,129.45115839432958,0.016,-0.0495,76,stick2,26.491,28.789,128.814,7.343,0.639,0.528,2.161,117.719,11.915,24.365,2.651,9.826,2.056,0.448,0.29,1.781,1.413,0.294,0.773,0.103,0.65,0.095,9.447,3.484,0.818,0.587,17.252,59.005,21.596,16.569,0.374,24.877,493.551,25.59,14.25,428.786,11.281,8.097,38.165,31.085,91.865,55.688,23.13,6.712,4.17,129.41889700000002,129.43376800000001,129.4437228943296,129.4585938943296
alhic2302,158,129.436884,129.46170989432957,0.016,-0.0495,77,stick2,29.054,80.693,215.625,25.848,0.757,0.564,3.063,799.34,31.924,61.218,6.303,22.193,3.668,0.81,0.48,2.826,2.4,0.457,1.214,0.163,1.071,0.159,13.572,12.039,1.217,1.523,8.442,70.992,34.841,43.086,0.574,31.032,1014.349,50.66,34.411,627.299,25.359,10.657,34.841,42.609,79.068,64.537,75.389,21.074,7.35,129.43376800000001,129.44,129.4585938943296,129.46482589432958
alhic2302,156_2,127.7150261,127.7700562391109,0.016,0.046,78,stick2,44.29,81.066,373.276,12.928,36.924,1.825,6.742,353.319,38.836,73.861,8.766,33.213,6.649,1.722,0.93,5.57,4.709,0.895,2.459,0.354,2.236,0.327,95.541,11.922,3.301,2.277,14.514,65.826,27.989,70.916,1.61,40.781,2065.031,87.282,124.534,825.687,44.16,56.846,137.932,364.35,564.254,74.068,114.857,17.933,10.895,127.7069,127.7231522,127.7619301391109,127.7781823391109
alhic2302,156_2,127.73102185,127.7860519891109,0.016,0.046,79,stick2,19.469,33.788,143.262,10.092,0.84,0.641,1.976,124.502,12.59,25.834,2.872,10.907,2.208,0.547,0.299,1.728,1.538,0.279,0.811,0.114,0.584,0.098,8.864,5.586,0.863,0.796,9.308,58.075,24.25,15.57,6.227,29.046,414.03,24.908,15.759,400.475,10.924,8.707,37.2,41.758,105.262,88.353,10.067,7.613,8.601,127.7231522,127.73889150000001,127.7781823391109,127.7939216391109
alhic2302,156_2,127.74633475,127.8013648891109,0.016,0.046,80,stick2,45.777,38.136,135.253,12.103,0.662,0.486,3.223,164.079,49.96,96.31,8.446,27.974,5.238,0.88,0.679,4.509,3.604,0.679,1.88,0.25,1.436,0.218,15.651,5.412,1.193,1.327,7.81,54.129,36.736,24.493,6.349,22.432,1351.337,88.796,38.076,733.492,29.374,19.88,48.963,57.799,106.992,68.935,41.022,8.99,3.649,127.73889150000001,127.753778,127.7939216391109,127.8088081391109
alhic2302,156_2,127.76120365,127.8162337891109,0.016,0.046,81,stick2,43.881,29.075,151.655,11.837,0.556,0.747,2.122,129.984,22.43,44.384,6.062,23.338,4.792,0.822,0.703,4.301,3.748,0.738,2.044,0.275,1.773,0.232,7.986,4.955,1.181,1.006,18.797,50.195,38.388,25.765,6.078,23.666,1601.024,75.779,44.318,805.143,25.972,21.815,51.679,45.596,96.09,71.588,50.755,7.215,4.275,127.753778,127.7686293,127.8088081391109,127.8236594391109
alhic2302,156_2,127.77636005000001,127.8313901891109,0.016,0.046,82,stick2,30.225,29.3,150.471,12.487,0.271,0.874,1.861,138.189,14.006,28.845,3.756,14.42,3.351,0.54,0.554,3.252,2.947,0.53,1.374,0.21,1.109,0.153,7.447,3.631,0.962,0.782,5.971,53.92,27.794,21.001,6.479,23.062,726.888,34.459,18.248,536.63,13.675,9.876,37.781,35.922,80.962,67.265,27.238,7.295,2.45,127.7686293,127.7840908,127.8236594391109,127.8391209391109
alhic2302,156_2,127.79161640000001,127.8466465391109,0.016,0.046,83,stick2,20.431,25.489,137.383,10.7,0.359,0.395,1.491,90.7,11.809,23.136,2.61,9.687,1.775,0.479,0.262,1.614,1.383,0.259,0.691,0.093,0.549,0.085,5.903,2.11,0.732,0.866,92.035,58.884,25.837,15.803,7.609,22.752,449.913,21.764,14.195,395.718,8.991,7.137,30.206,33.752,76.931,71.519,10.398,6.785,2.137,127.7840908,127.799142,127.8391209391109,127.8541721391109
alhic2302,156_2,127.806658,127.8616881391109,0.016,0.046,84,stick2,19.408,23.41,120.286,8.609,0.4,0.437,1.41,151.296,12.092,23.224,2.652,8.851,1.78,0.371,0.238,1.524,1.362,0.276,0.665,0.093,0.569,0.094,5.031,2.874,0.829,0.643,8.686,53.477,22.492,12.548,0.407,21.362,478.135,22.485,23.629,392.469,9.847,7.956,40.244,27.741,55.975,60.183,10.113,6.318,2.554,127.799142,127.81417400000001,127.8541721391109,127.8692041391109
alhic2302,156_2,127.821416,127.8764461391109,0.016,0.046,85,stick2,18.447,26.444,117.81,9.84,0.741,0.528,1.699,103.873,12.753,24.787,2.771,10.022,2.084,0.425,0.281,1.721,1.441,0.306,0.827,0.122,0.698,0.102,5.881,3.541,0.857,0.726,8.868,54.604,23.01,16.112,0.353,21.984,413.094,20.754,12.217,414.223,9.313,8.114,29.869,25.002,39.976,65.578,12.762,6.486,3.597,127.81417400000001,127.828658,127.8692041391109,127.8836881391109
alhic2302,156_2,127.835707,127.8907371391109,0.016,0.046,86,stick2,17.91,25.689,117.921,10.343,0.581,0.465,1.84,90.346,12.769,24.623,2.672,9.427,1.793,0.372,0.283,1.58,1.43,0.273,0.786,0.117,0.687,0.098,5.325,3.609,0.788,0.629,14.837,56.286,22.25,13.946,0.334,21.696,361.455,19.302,11.66,419.54,8.471,7.696,33.665,26.032,50.567,59.727,10.898,6.126,3.232,127.828658,127.84275600000001,127.8836881391109,127.8977861391109
alhic2302,156_2,127.850646,127.9056761391109,0.016,0.046,87,stick2,19.571,19.002,142.031,10.979,0.456,0.395,1.231,66.311,7.436,13.272,1.514,5.467,1.032,0.231,0.18,1.035,1.035,0.203,0.565,0.074,0.42,0.065,3.825,2.372,0.57,0.735,8.706,54.053,21.23,11.871,0.192,36.19,158.218,11.256,8.581,480.987,4.777,10.608,34.321,16.891,40.223,73.4,11.522,4.736,1.365,127.84275600000001,127.858536,127.8977861391109,127.9135661391109
alhic2302,156_2,127.8659305,127.9209606391109,0.016,0.046,88,stick2,24.975,30.003,122.696,32.266,1.164,0.437,1.808,103.462,16.511,33.413,3.989,14.75,2.972,0.519,0.41,2.639,2.183,0.45,1.24,0.168,1.054,0.171,8.137,5.879,1.268,1.09,14.496,58.708,26.636,17.965,0.4,22.028,698.847,30.667,19.181,514.272,15.286,10.89,35.307,35.602,55.523,61.079,24.449,6.828,4.535,127.858536,127.87332500000001,127.9135661391109,127.9283551391109
alhic2302,156_2,127.8806855,127.9357156391109,0.016,0.046,89,stick2,22.894,35.158,125.332,17.923,1.059,0.458,2.512,136.033,20.231,40.497,4.578,17.032,3.191,0.541,0.466,2.782,2.433,0.48,1.387,0.204,1.207,0.162,7.504,5.053,1.062,0.978,7.924,59.515,23.069,21.97,0.391,22.636,505.492,25.095,15.138,460.772,11.517,8.882,31.456,25.963,36.275,70.161,20.604,7.848,3.597,127.87332500000001,127.888046,127.9283551391109,127.9430761391109
alhic2302,156_2,127.8956325,127.9506626391109,0.016,0.046,90,stick2,24.239,27.654,129.3,16.419,0.853,0.373,2.368,126.418,15.232,31.33,3.406,12.5,2.436,0.554,0.328,1.929,1.737,0.318,0.898,0.118,0.84,0.117,6.931,4.636,0.803,0.671,7.84,53.575,24.582,19.449,0.407,25.338,542.778,28.434,14.489,469.499,11.668,9.906,33.989,23.044,58.463,62.135,25.088,6.918,5.057,127.888046,127.903219,127.9430761391109,127.9582491391109
alhic2302,156_2,127.910436,127.9654661391109,0.016,0.046,91,stick2,24.038,36.913,146.266,13.346,0.622,0.536,2.785,155.672,13.554,27.337,3.02,11.023,2.112,0.485,0.31,1.888,1.603,0.306,0.872,0.117,0.721,0.096,7.188,4.141,0.831,0.601,8.642,61.684,24.124,22.749,0.409,26.69,497.267,27.113,13.822,517.201,12.171,9.026,31.036,31.939,42.835,58.548,30.575,8.129,4.692,127.903219,127.917653,127.9582491391109,127.9726831391109
alhic2302,156_2,127.92499550000001,127.9800256391109,0.016,0.046,92,stick2,24.12,25.771,131.857,12.856,0.651,0.486,2.24,155.406,15.217,29.331,3.263,11.57,2.336,0.526,0.301,2.031,1.539,0.306,0.789,0.114,0.726,0.102,6.936,3.86,0.772,0.992,8.247,58.18,22.784,17.96,0.429,28.471,426.078,23.946,12.947,447.407,10.576,8.332,31.684,32.614,81.641,58.821,18.921,6.763,5.317,127.917653,127.932338,127.9726831391109,127.9873681391109
alhic2302,156_2,127.9391665,127.9941966391109,0.016,0.046,93,stick2,25.493,29.273,136.855,10.117,0.641,0.296,2.5,128.894,13.243,26.31,2.862,10.808,2.067,0.479,0.293,1.953,1.596,0.328,0.846,0.126,0.715,0.099,7.249,3.925,0.798,0.768,5.704,59.57,24.709,19.406,0.396,28.735,507.219,28.982,28.274,464.281,12.116,8.596,30.034,25.357,30.64,58.815,24.611,7.209,4.692,127.932338,127.945995,127.9873681391109,128.0010251391109
alhic2302,156_2,127.953393,128.0084231391109,0.016,0.046,94,stick2,25.67,31.403,143.788,10.444,0.681,0.536,2.51,149.295,14.0,28.657,3.23,11.635,2.41,0.532,0.333,2.095,1.879,0.346,0.965,0.132,0.804,0.119,8.02,4.661,0.88,0.433,5.509,62.197,24.11,21.573,0.445,28.819,720.796,31.914,17.725,500.038,12.729,9.966,31.616,33.041,46.31,60.095,31.177,7.72,4.952,127.945995,127.960791,128.0010251391109,128.0158211391109
alhic2302,156_2,127.9683515,128.0233816391109,0.016,0.046,95,stick2,32.448,28.001,151.806,15.509,0.888,0.761,2.474,281.313,13.838,28.071,3.454,13.545,2.768,0.576,0.419,2.545,2.23,0.411,1.174,0.171,0.875,0.143,10.053,4.692,0.867,0.908,17.009,62.23,31.81,23.475,0.538,28.622,888.44,43.072,31.619,583.021,16.372,13.225,56.792,70.536,200.569,57.38,35.328,9.028,5.474,127.960791,127.97591200000001,128.0158211391109,128.0309421391109
alhic2302,156_2,127.983208,128.0382381391109,0.016,0.046,96,stick2,26.301,27.627,195.116,12.218,0.788,0.557,2.455,158.017,12.592,24.815,2.808,10.562,2.043,0.509,0.29,1.794,1.469,0.307,0.825,0.122,0.709,0.104,10.191,4.086,0.963,1.048,40.828,62.261,27.485,28.759,0.429,32.473,541.498,35.484,17.473,494.392,12.887,9.889,34.713,41.329,460.489,58.396,48.533,7.228,5.213,127.97591200000001,127.990504,128.0309421391109,128.0455341391109
alhic2302,156_2,127.9973035,128.0523336391109,0.016,0.046,97,stick2,24.98,25.154,132.181,10.689,0.535,0.324,2.081,124.723,11.334,22.399,2.511,9.192,1.959,0.393,0.262,1.583,1.497,0.254,0.782,0.107,0.715,0.095,7.468,3.209,0.766,0.754,10.073,65.422,26.411,18.219,0.405,28.819,522.45,27.621,17.882,466.03,11.792,8.992,32.792,27.492,686.322,54.055,20.031,6.541,4.275,127.990504,128.00410300000001,128.0455341391109,128.0591331391109
alhic2302,156_2,128.0113015,128.0663316391109,0.016,0.046,98,stick2,24.939,28.895,157.709,10.777,2.301,0.423,2.335,170.725,16.314,34.106,3.945,15.19,2.907,0.699,0.419,2.665,2.083,0.437,1.155,0.149,0.895,0.157,8.78,4.079,0.828,0.978,9.132,58.551,29.056,26.975,0.434,31.525,543.136,27.655,23.464,502.984,11.653,9.386,43.185,40.013,69.157,81.659,23.156,7.354,4.379,128.00410300000001,128.0185,128.0591331391109,128.0735301391109
alhic2302,156_2,128.0259705,128.0810006391109,0.016,0.046,99,stick2,28.675,29.054,139.504,9.113,4.492,0.479,2.192,133.009,13.842,27.137,3.205,11.824,2.332,0.641,0.36,2.25,1.868,0.341,1.044,0.139,0.893,0.129,6.953,4.067,0.958,0.81,8.828,58.684,25.114,20.883,0.437,26.648,779.915,32.148,19.123,541.917,13.533,11.904,53.017,28.63,58.546,57.543,27.365,7.299,3.649,128.0185,128.033441,128.0735301391109,128.0884711391109
alhic2302,156_2,128.040668,128.0956981391109,0.016,0.046,100,stick2,22.942,27.562,117.321,10.333,1.183,0.465,1.709,113.815,16.417,31.23,3.198,12.256,2.253,0.469,0.301,1.934,1.556,0.323,0.884,0.107,0.709,0.114,5.78,3.978,0.859,0.573,8.438,70.922,22.486,16.113,0.345,23.058,534.061,21.465,11.723,462.369,10.036,7.742,30.825,23.224,48.037,58.642,19.783,6.751,3.18,128.033441,128.047895,128.0884711391109,128.1029251391109
alhic2302,156_2,128.0552575,128.1102876391109,0.016,0.046,101,stick2,24.854,35.712,137.5,14.018,0.935,0.395,2.104,119.99,18.946,36.832,4.151,15.057,2.927,0.527,0.397,2.633,2.177,0.415,1.252,0.178,1.039,0.157,6.687,5.065,1.381,1.076,9.02,66.319,28.084,18.566,0.376,28.38,577.982,23.523,14.012,530.245,10.765,8.852,31.255,26.459,46.392,68.729,21.211,8.449,2.763,128.047895,128.06262,128.1029251391109,128.1176501391109
alhic2302,156_2,128.069972,128.1250021391109,0.016,0.046,102,stick2,20.535,31.574,144.845,20.031,1.121,0.409,1.926,111.656,18.255,36.555,4.105,15.468,2.907,0.546,0.391,2.51,1.919,0.406,1.137,0.155,0.933,0.143,6.203,4.736,1.074,1.09,21.965,62.415,23.771,18.073,0.39,25.22,615.921,23.721,14.165,546.697,10.853,9.301,42.34,44.6,50.773,65.577,26.874,7.669,4.066,128.06262,128.077324,128.1176501391109,128.1323541391109
alhic2302,156_2,128.084588,128.1396181391109,0.016,0.046,103,stick2,21.939,37.088,144.666,18.797,1.5,0.43,2.475,136.831,23.027,42.461,4.461,14.747,2.662,0.513,0.347,2.167,1.858,0.371,0.999,0.147,0.873,0.148,6.512,6.683,1.159,1.495,12.385,59.41,23.732,17.875,0.415,23.039,699.719,27.354,12.533,488.009,11.642,9.103,34.713,25.783,34.013,59.765,24.637,8.382,3.388,128.077324,128.091852,128.1323541391109,128.1468821391109
alhic2302,156_2,128.0990515,128.1540816391109,0.016,0.046,104,stick2,44.09,55.993,253.024,22.523,1.459,0.55,4.731,290.841,75.466,136.387,15.114,54.783,11.147,2.209,1.652,10.145,8.659,1.575,4.255,0.577,3.478,0.512,26.661,12.848,1.652,2.752,4.705,78.478,41.863,46.402,1.655,31.346,2707.004,108.578,65.599,946.466,48.997,27.956,77.355,66.942,99.868,106.818,80.946,14.114,9.54,128.091852,128.10625100000001,128.1468821391109,128.1612811391109
alhic2302,156_2,128.11369150000002,128.1687216391109,0.016,0.046,105,stick2,25.529,38.82,157.096,20.283,2.13,0.507,2.956,163.743,25.533,47.497,5.269,20.634,4.058,0.818,0.629,3.715,3.384,0.69,1.917,0.273,1.706,0.256,24.272,6.985,1.347,1.327,6.923,71.652,29.397,26.062,0.494,27.304,957.459,41.85,26.21,617.028,20.192,15.606,44.48,44.674,72.2,72.233,35.516,9.869,4.9,128.10625100000001,128.121132,128.1612811391109,128.1761621391109
alhic2302,156_2,128.128417,128.1834471391109,0.016,0.046,106,stick2,20.157,31.808,152.092,17.317,0.771,0.43,2.029,114.785,16.538,31.706,3.541,13.018,2.56,0.541,0.359,2.226,2.016,0.374,1.155,0.149,0.958,0.153,6.574,4.581,1.05,1.187,6.711,59.226,26.038,18.385,0.363,27.751,563.456,24.755,21.792,545.426,10.83,12.096,40.192,25.108,36.707,74.955,18.191,7.688,3.545,128.121132,128.135702,128.1761621391109,128.1907321391109
alhic2302,156_2,128.143021,128.1980511391109,0.016,0.046,107,stick2,23.382,40.49,185.244,17.675,2.808,0.592,2.318,151.979,24.1,51.311,5.695,21.213,4.227,0.854,0.603,3.739,3.192,0.642,1.815,0.249,1.572,0.233,9.021,5.753,1.318,1.439,5.604,63.149,26.5,28.703,0.39,28.055,798.073,31.155,38.197,597.436,14.343,13.927,43.32,28.664,50.135,91.307,27.983,8.277,2.137,128.135702,128.15034,128.1907321391109,128.2053701391109
alhic2302,156_2,128.157363,128.2123931391109,0.016,0.046,108,stick2,21.526,37.023,156.226,24.515,1.99,0.486,2.584,186.892,17.818,35.954,3.779,13.828,2.972,0.518,0.416,2.609,2.052,0.438,1.257,0.169,1.134,0.161,9.274,5.42,1.131,1.285,8.377,63.148,31.056,23.868,0.475,26.428,596.633,29.914,50.064,538.279,12.744,11.482,37.305,35.459,50.114,73.925,23.819,8.637,4.796,128.15034,128.164386,128.2053701391109,128.2194161391109
alhic2302,156_2,128.1716225,128.2266526391109,0.016,0.046,109,stick2,26.753,42.446,138.444,22.638,0.876,0.423,3.093,153.164,21.947,41.545,4.477,15.505,3.339,0.66,0.501,2.791,2.442,0.484,1.252,0.197,1.262,0.17,10.226,5.519,1.143,1.341,7.704,63.821,28.152,23.168,0.855,23.787,935.669,38.997,28.489,546.403,17.209,11.038,37.276,35.459,49.271,63.832,33.203,10.24,4.692,128.164386,128.178859,128.2194161391109,128.2338891391109
alhic2302,156_2,128.1860295,128.2410596391109,0.016,0.046,110,stick2,21.079,30.833,144.546,22.016,2.991,0.423,1.922,1847.13,21.697,41.134,4.28,14.988,3.068,0.729,0.346,2.252,1.976,0.366,0.887,0.133,0.839,0.118,8.697,4.535,0.901,1.048,10.264,58.451,23.75,17.279,0.392,22.234,525.896,26.528,19.811,477.916,12.912,8.687,38.94,65.876,56.592,66.628,15.614,7.327,4.692,128.178859,128.1932,128.2338891391109,128.2482301391109
alhic2302,156_2,128.2001645,128.2551946391109,0.016,0.046,111,stick2,23.054,35.415,142.924,19.66,0.934,0.613,2.325,151.544,21.972,44.003,4.857,18.111,3.688,0.703,0.518,3.366,2.704,0.556,1.459,0.213,1.211,0.174,10.003,4.857,1.176,1.243,9.358,83.989,23.895,22.315,0.538,22.88,696.247,32.712,34.056,625.417,15.152,20.077,35.21,33.36,48.572,76.818,19.421,8.434,4.275,128.1932,128.207129,128.2482301391109,128.2621591391109
alhic2302,156_2,128.2141025,128.2691326391109,0.016,0.046,112,stick2,25.276,33.415,139.784,21.123,1.349,0.599,2.283,144.351,18.163,35.391,3.961,14.593,2.764,0.593,0.412,2.484,2.248,0.417,1.28,0.179,1.063,0.155,8.907,4.942,1.175,0.908,8.582,58.687,31.251,23.229,0.493,22.02,739.181,36.54,23.046,577.506,16.725,10.775,35.992,36.349,81.663,58.798,26.86,8.055,5.421,128.207129,128.221076,128.2621591391109,128.2761061391109
alhic2302,156_2,128.2280775,128.2831076391109,0.016,0.046,113,stick2,19.535,32.13,128.652,17.546,1.228,0.388,2.036,127.089,17.175,33.013,3.856,13.359,2.653,0.72,0.35,2.206,1.893,0.367,1.026,0.141,0.837,0.131,7.381,4.208,0.923,0.74,10.021,61.562,27.477,19.693,0.422,23.375,626.643,26.577,15.441,503.776,11.769,9.524,33.009,33.681,48.942,64.03,18.598,7.489,3.076,128.221076,128.235079,128.2761061391109,128.2901091391109
alhic2302,156_2,128.2420135,128.2970436391109,0.016,0.046,114,stick2,23.88,38.78,140.591,15.897,0.742,0.416,3.272,137.672,18.576,36.007,3.938,14.632,2.85,0.574,0.387,2.458,2.074,0.441,1.166,0.169,1.07,0.147,8.13,7.466,1.062,1.649,10.52,74.978,25.849,20.808,0.365,23.202,689.439,32.013,19.065,528.102,13.976,10.772,36.567,33.041,73.97,63.11,27.343,8.278,4.848,128.235079,128.248948,128.2901091391109,128.3039781391109
alhic2302,156_2,128.255834,128.3108641391109,0.016,0.046,115,stick2,22.605,33.61,146.991,20.972,0.671,0.564,2.321,181.337,17.892,34.79,3.927,14.865,2.93,0.511,0.391,2.392,2.146,0.386,1.131,0.16,1.022,0.138,6.286,5.314,1.093,1.118,16.243,59.137,25.553,19.215,0.649,22.769,813.631,33.901,20.219,476.329,13.707,9.352,33.68,31.974,49.621,58.689,23.875,11.884,4.066,128.248948,128.26272,128.3039781391109,128.3177501391109
alhic2302,156_2,128.269375,128.3244051391109,0.016,0.046,116,stick2,25.121,91.977,425.982,21.06,38.158,6.791,8.413,850.217,60.214,192.8,16.485,65.672,12.793,3.549,2.084,12.116,11.249,2.439,6.546,0.979,5.834,0.89,95.816,14.91,8.271,4.821,9.902,80.369,44.749,161.393,0.512,67.679,1241.682,150.759,51.772,14241.409,41.483,1180.776,230.649,179.415,238.847,422.02,43.318,21.816,10.27,128.26272,128.27603,128.3177501391109,128.3310601391109
alhic2302,156_2,128.282884,128.3379141391109,0.016,0.046,117,stick2,22.253,41.18,154.351,14.905,5.542,0.472,3.2,216.57,23.526,52.973,5.228,19.089,3.809,0.753,0.485,2.939,2.277,0.451,1.248,0.176,1.001,0.141,19.483,6.874,1.53,1.215,9.754,60.937,26.899,20.566,0.44,31.244,748.565,45.623,21.599,729.843,16.922,13.525,30.584,40.369,50.485,68.06,28.332,10.439,5.786,128.27603,128.289738,128.3310601391109,128.3447681391109
alhic2302,156_2,128.2964925,128.3515226391109,0.016,0.046,118,stick2,20.526,35.763,147.258,15.196,4.89,0.578,2.21,156.212,17.061,35.119,3.429,12.5,2.087,0.534,0.336,1.931,1.593,0.328,0.892,0.131,0.765,0.12,12.728,4.918,1.408,0.796,8.993,58.113,24.011,19.076,0.457,22.36,616.582,32.345,14.368,582.039,13.33,11.092,38.044,43.677,55.523,69.913,14.607,8.851,2.971,128.289738,128.303247,128.3447681391109,128.3582771391109
alhic2302,156_2,128.3099105,128.3649406391109,0.016,0.046,119,stick2,23.634,62.379,184.913,14.034,5.83,0.846,3.891,257.306,30.969,64.752,6.523,23.477,4.239,0.938,0.57,3.474,2.77,0.469,1.307,0.163,1.038,0.161,21.213,7.144,1.725,1.579,10.638,60.533,25.126,26.639,1.231,23.52,622.834,51.103,29.318,845.021,19.992,15.182,50.109,76.656,163.721,75.535,35.622,7.898,3.104,128.303247,128.316574,128.3582771391109,128.3716041391109
alhic2302,156_2,128.3231475,128.3781776391109,0.016,0.046,120,stick2,23.377,31.213,168.669,11.338,4.135,0.747,2.06,123.018,14.433,28.941,3.305,12.526,2.509,0.57,0.354,2.261,1.969,0.385,0.983,0.144,0.872,0.14,11.706,3.615,1.119,0.81,7.087,60.126,23.892,16.069,0.582,30.999,528.567,26.427,21.831,920.155,11.332,10.071,76.181,73.347,99.688,69.752,10.901,7.163,3.545,128.316574,128.329721,128.3716041391109,128.3847511391109
alhic2302,156_2,128.335781,128.3908111391109,0.016,0.046,121,stick2,21.721,39.966,174.298,14.196,2.377,0.655,2.23,163.351,19.985,39.448,4.248,15.248,2.738,0.652,0.38,2.344,2.117,0.404,1.174,0.162,1.036,0.146,9.032,5.242,1.36,1.173,11.698,56.535,23.295,21.107,0.457,23.627,683.251,24.779,12.268,494.054,11.605,8.189,29.318,32.045,68.5,69.181,22.452,9.454,4.014,128.329721,128.34184100000002,128.3847511391109,128.3968711391109
alhic2302,156_2,128.34667050000002,128.4017006391109,0.016,0.046,122,stick2,32.955,86.133,289.445,36.99,5.148,0.884,5.127,357.67,41.402,82.216,8.536,31.158,5.249,1.35,0.766,4.749,3.686,0.879,2.14,0.287,1.989,0.28,23.121,12.812,2.812,3.242,10.902,66.985,39.038,60.896,3.662,33.701,1427.611,72.054,87.035,950.028,27.543,17.354,33.336,60.905,204.549,79.476,82.003,19.274,7.061,128.34184100000002,128.35150000000002,128.3968711391109,128.4065301391109
alhic2302,155_2,126.41412395,126.42729128562523,0.016,0.046,123,stick2,47.593,114.052,408.871,27.322,4.012,1.078,5.603,555.411,65.376,118.854,11.854,40.103,7.416,1.999,0.931,5.948,4.658,0.872,2.411,0.33,1.991,0.307,24.513,12.181,2.763,2.375,14.168,64.992,34.717,55.818,5.757,36.25,4240.007,94.343,48.855,940.708,41.011,18.497,54.004,91.207,185.325,75.592,119.861,20.88,7.142,126.4051,126.4231479,126.41826733562523,126.43631523562523
alhic2302,155_2,126.4319667,126.44513403562523,0.016,0.046,124,stick2,30.718,46.754,255.218,25.461,2.497,1.883,2.473,200.095,20.602,35.91,4.239,15.739,2.852,0.775,0.357,2.441,1.835,0.459,1.004,0.128,0.818,0.11,18.788,4.198,1.341,0.972,19.119,73.311,35.583,30.093,9.269,32.44,866.62,31.407,61.038,619.788,14.85,11.176,53.71,111.411,367.47,88.706,25.259,14.148,5.548,126.4231479,126.4407855,126.43631523562523,126.45395283562523
alhic2302,155_2,126.44949905000001,126.46266638562524,0.016,0.046,125,stick2,18.797,24.926,154.861,19.868,0.436,1.078,1.696,113.782,12.169,24.589,2.767,10.47,2.09,0.496,0.274,1.614,1.461,0.282,0.725,0.097,0.535,0.081,6.852,3.32,0.764,0.866,7.407,55.24,23.002,15.043,3.627,22.892,419.959,20.661,13.85,398.487,8.836,7.726,31.758,39.585,146.687,72.831,8.957,7.81,3.91,126.4407855,126.45821260000001,126.45395283562523,126.47137993562524
alhic2302,155_2,126.46630425000001,126.47947158562523,0.016,0.046,126,stick2,19.727,27.554,179.39,17.784,0.781,0.775,1.879,147.213,18.05,36.192,4.17,15.586,2.956,0.686,0.388,2.358,1.942,0.354,0.997,0.127,0.713,0.128,9.041,3.584,1.118,0.699,6.69,57.709,23.062,19.643,7.684,24.269,634.607,25.772,17.286,459.813,11.501,8.886,34.29,58.654,107.423,91.058,11.797,8.486,4.379,126.45821260000001,126.4743959,126.47137993562524,126.48756323562523
alhic2302,155_2,126.48202245000002,126.49518978562524,0.016,0.046,127,stick2,20.127,25.477,168.081,14.471,0.251,0.923,1.893,129.761,11.501,23.628,2.773,10.069,2.087,0.513,0.272,1.807,1.562,0.295,0.828,0.106,0.687,0.092,10.26,3.064,0.714,1.02,8.746,75.273,27.608,17.855,3.225,21.214,384.547,25.663,13.65,420.63,10.359,8.49,30.14,31.584,68.601,74.834,8.69,4.792,1.72,126.4743959,126.48964900000001,126.48756323562523,126.50281633562524
alhic2302,155_2,126.49753550000001,126.51070283562524,0.016,0.046,128,stick2,19.022,27.891,169.766,14.06,0.389,0.881,1.888,129.939,12.92,26.59,3.136,11.544,2.203,0.588,0.315,2.048,1.614,0.324,0.919,0.115,0.662,0.098,7.511,3.036,0.852,0.503,12.334,55.446,28.162,20.815,4.714,23.788,556.894,26.996,21.647,445.378,10.277,16.642,195.125,48.087,80.016,80.834,13.016,5.162,3.076,126.48964900000001,126.50542200000001,126.50281633562524,126.51858933562524
alhic2302,155_2,126.51272300000001,126.52589033562523,0.016,0.046,129,stick2,18.287,25.669,159.741,12.018,0.294,0.683,1.71,110.867,11.336,23.315,2.639,10.386,1.847,0.456,0.272,1.745,1.302,0.259,0.694,0.097,0.549,0.087,5.963,2.853,0.772,0.754,4.698,58.47,25.46,16.505,1.376,21.57,427.113,20.59,12.122,390.516,8.493,8.451,46.801,28.346,51.204,75.226,7.924,3.663,1.772,126.50542200000001,126.520024,126.51858933562524,126.53319133562523
alhic2302,155_2,126.528074,126.54124133562523,0.016,0.046,130,stick2,19.052,28.385,170.804,11.929,0.598,0.761,1.813,127.17,14.545,29.223,3.341,12.322,2.417,0.572,0.309,2.065,1.611,0.304,0.865,0.122,0.689,0.095,7.248,3.144,0.907,0.782,11.094,63.267,28.715,19.833,6.118,22.513,539.986,22.805,38.334,438.932,10.013,7.886,36.513,36.668,134.3,78.758,14.414,3.618,1.251,126.520024,126.53612400000002,126.53319133562523,126.54929133562524
alhic2302,155_2,126.55985450000001,126.57302183562524,0.016,0.046,132,stick2,17.728,45.932,255.503,12.214,1.578,1.313,2.803,201.591,28.82,58.815,7.14,28.169,5.646,1.522,0.862,5.355,4.409,1.01,2.527,0.364,2.188,0.337,13.538,4.271,1.624,1.081,19.928,61.002,48.382,69.506,6.76,43.344,1050.06,47.622,30.093,725.61,19.493,17.691,48.572,31.904,11.233,172.653,34.624,10.923,4.413,126.55192400000001,126.56778500000001,126.56509133562524,126.58095233562524
alhic2302,155_2,126.57538850000002,126.58855583562524,0.016,0.046,133,stick2,19.931,35.663,188.749,18.332,0.931,1.17,2.247,158.077,18.804,35.025,3.908,14.323,2.694,0.666,0.372,2.46,2.024,0.421,1.026,0.136,0.82,0.128,9.69,4.181,1.081,1.132,10.599,78.848,29.993,22.829,5.124,29.034,934.599,31.317,19.088,494.986,11.251,9.508,65.195,40.057,73.995,86.898,17.72,10.689,4.052,126.56778500000001,126.582992,126.58095233562524,126.59615933562523
alhic2302,155_2,126.5906305,126.60379783562523,0.016,0.046,134,stick2,32.078,45.301,227.578,17.481,2.232,1.843,3.655,200.963,19.829,39.933,4.146,14.713,2.984,0.76,0.36,2.327,1.881,0.36,1.014,0.117,0.789,0.115,9.546,4.556,1.102,0.88,240.163,63.141,36.14,26.901,7.102,37.654,1185.143,39.996,29.783,590.011,15.425,10.672,43.35,59.295,125.927,92.292,29.522,61.828,5.156,126.582992,126.59826900000002,126.59615933562523,126.61143633562524
alhic2302,155_2,126.60625650000001,126.61942383562524,0.016,0.046,135,stick2,19.189,36.923,285.892,11.637,1.111,0.656,2.324,170.397,26.824,41.033,4.805,18.796,3.453,0.819,0.466,2.948,2.239,0.5,1.152,0.159,0.99,0.139,10.147,3.026,1.133,1.027,11.524,51.833,34.516,33.774,7.941,31.791,862.622,37.385,16.587,528.676,13.487,10.301,35.827,11.545,138.755,88.972,27.458,8.798,5.8,126.59826900000002,126.61424400000001,126.61143633562524,126.62741133562524
alhic2302,155_2,126.62195100000001,126.63511833562524,0.016,0.046,136,stick2,20.946,31.641,198.319,17.312,0.763,0.571,2.098,152.226,19.038,39.304,4.629,16.801,3.208,0.755,0.404,2.622,2.063,0.378,1.028,0.134,0.782,0.115,7.842,4.744,1.219,1.02,6.405,61.516,29.344,25.026,5.144,26.001,715.213,31.799,19.337,561.448,14.337,10.932,37.441,38.911,89.151,86.263,18.967,8.144,1.156,126.61424400000001,126.629658,126.62741133562524,126.64282533562523
alhic2302,155_2,126.63743950000001,126.65060683562524,0.016,0.046,137,stick2,17.247,30.652,205.04,5.898,0.672,0.677,1.995,141.63,15.567,28.989,3.514,13.402,2.706,0.66,0.342,2.19,1.684,0.402,0.887,0.112,0.741,0.1,8.924,3.665,0.905,0.81,9.99,36.175,31.864,28.958,4.48,23.95,566.682,29.631,17.354,476.392,12.914,8.734,12.964,7.056,64.116,79.511,17.738,7.491,3.593,126.629658,126.645221,126.64282533562523,126.65838833562523
alhic2302,155_2,126.65277100000002,126.66593833562524,0.016,0.046,138,stick2,20.227,32.089,197.142,7.964,0.739,0.569,2.005,151.061,16.816,27.736,20.157,68.35,2.491,0.653,0.432,2.859,1.661,0.397,0.99,0.119,0.698,0.104,8.909,2.76,1.063,0.864,6.434,40.642,33.321,30.052,4.246,25.743,655.122,27.996,15.907,474.533,11.028,9.593,34.368,34.549,19.044,80.097,24.056,7.734,4.791,126.645221,126.66032100000001,126.65838833562523,126.67348833562524
alhic2302,155_2,126.6678765,126.68104383562523,0.016,0.046,139,stick2,20.793,29.029,147.557,12.557,0.598,0.564,1.52,104.982,14.907,28.259,3.201,11.235,2.074,0.537,0.317,1.874,1.617,0.309,0.877,0.121,0.741,0.129,5.243,3.831,1.424,0.992,5.48,51.91,23.597,20.964,3.668,21.428,773.703,23.416,11.255,396.824,9.191,7.287,30.117,41.791,96.212,65.608,17.065,3.069,1.303,126.66032100000001,126.67543200000001,126.67348833562524,126.68859933562524
alhic2302,155_2,126.682961,126.69612833562523,0.016,0.046,140,stick2,21.555,29.164,154.488,10.788,0.66,0.543,1.539,115.966,18.743,36.96,4.124,15.083,2.618,0.626,0.389,2.266,1.933,0.392,1.07,0.137,0.939,0.134,6.024,4.496,1.601,0.643,9.266,48.424,26.239,21.07,4.98,22.605,648.537,21.051,17.093,416.582,9.139,8.372,40.138,24.361,54.433,75.526,7.453,5.091,3.701,126.67543200000001,126.69049000000001,126.68859933562524,126.70365733562524
alhic2302,155_2,126.6976625,126.71082983562523,0.016,0.046,141,stick2,20.822,27.568,145.448,9.303,0.511,0.289,1.519,91.109,16.388,33.371,3.633,13.246,2.387,0.558,0.324,2.113,1.757,0.332,0.864,0.127,0.788,0.102,4.911,4.528,1.301,1.006,24.273,49.251,26.696,19.136,0.726,22.167,582.874,21.328,13.236,434.975,8.789,10.615,35.037,23.614,40.614,66.825,12.383,2.607,1.355,126.69049000000001,126.70483500000002,126.70365733562524,126.71800233562524
alhic2302,155_2,126.71268,126.72584733562523,0.016,0.046,142,stick2,19.785,26.741,151.878,10.026,0.703,0.345,1.492,100.976,14.01,27.823,3.066,11.057,2.099,0.568,0.301,1.742,1.645,0.309,0.82,0.132,0.747,0.098,4.922,4.308,1.227,0.182,8.405,52.238,26.149,17.659,3.516,23.938,671.62,22.628,11.967,424.153,8.92,10.3,37.222,28.771,140.614,67.427,8.039,5.125,0.905,126.70483500000002,126.72052500000001,126.71800233562524,126.73369233562524
alhic2302,155_2,126.72768150000002,126.74084883562524,0.016,0.046,143,stick2,22.779,32.609,152.293,8.411,0.878,0.493,2.027,136.288,18.467,36.496,3.929,14.247,2.64,0.629,0.352,2.275,1.99,0.378,1.092,0.157,0.84,0.123,7.53,4.711,1.162,0.978,9.025,61.299,30.391,25.393,5.585,22.447,814.247,37.392,22.902,564.201,13.752,10.57,47.487,29.449,45.508,80.487,25.867,6.073,3.052,126.72052500000001,126.73483800000001,126.73369233562524,126.74800533562524
alhic2302,155_2,126.74199200000001,126.75515933562524,0.016,0.046,144,stick2,23.999,32.782,186.551,12.797,1.123,0.451,2.355,192.554,23.436,41.54,4.299,16.031,2.783,0.729,0.358,2.346,1.82,0.35,0.948,0.148,0.808,0.118,7.009,5.524,1.178,1.327,11.422,58.561,26.867,28.776,5.755,29.279,1052.529,34.163,16.848,513.061,15.549,9.199,32.097,29.342,58.71,59.143,40.147,3.674,4.104,126.73483800000001,126.74914600000001,126.74800533562524,126.76231333562524
alhic2302,155_2,126.75600200000001,126.76916933562524,0.016,0.046,145,stick2,23.632,33.112,173.782,20.302,1.451,0.43,2.483,164.352,16.359,30.9,3.341,11.837,2.34,0.657,0.33,2.107,1.688,0.337,0.901,0.137,0.854,0.125,9.883,4.769,1.127,0.992,14.896,56.434,28.734,25.845,6.544,29.613,779.53,31.955,19.404,546.581,12.581,10.261,35.843,33.041,74.196,58.392,34.487,2.187,1.408,126.74914600000001,126.76285800000001,126.76231333562524,126.77602533562523
alhic2302,155_2,126.76991050000001,126.78307783562524,0.016,0.046,146,stick2,26.539,48.127,173.36,13.232,1.253,0.486,10.273,187.549,20.278,40.205,4.158,15.381,2.656,0.788,0.371,2.48,1.933,0.369,1.024,0.132,0.952,0.119,6.626,5.525,1.035,0.838,5.657,60.689,27.289,41.245,1.263,33.612,916.839,36.352,18.88,654.874,13.25,10.43,33.251,27.563,68.581,53.215,82.483,2.936,0.938,126.76285800000001,126.77696300000001,126.77602533562523,126.79013033562524
alhic2302,155_2,126.78412550000002,126.79729283562524,0.016,0.046,147,stick2,28.913,38.898,205.985,18.792,1.206,0.437,3.141,228.558,24.948,48.406,5.279,19.51,3.774,0.858,0.492,3.173,2.629,0.492,1.326,0.219,1.751,0.181,9.191,7.016,1.456,1.467,7.518,63.02,30.194,29.643,5.112,36.739,1432.754,46.51,29.381,577.341,16.691,12.047,36.558,29.271,50.67,67.689,45.072,3.72,2.502,126.77696300000001,126.79128800000001,126.79013033562524,126.80445533562524
alhic2302,155_2,126.79847300000002,126.81164033562524,0.016,0.046,148,stick2,25.859,31.13,162.167,17.809,0.833,0.465,2.319,163.093,17.984,33.436,4.074,15.361,3.16,0.686,0.384,2.269,2.007,0.381,1.057,0.142,0.916,0.14,8.287,5.359,1.26,1.09,9.175,52.596,27.288,25.461,4.307,28.97,985.685,41.658,21.846,550.324,15.296,10.401,34.601,28.631,60.314,54.467,40.292,2.823,1.877,126.79128800000001,126.80565800000001,126.80445533562524,126.81882533562523
alhic2302,155_2,126.812526,126.82569333562523,0.016,0.046,149,stick2,25.631,35.299,198.607,22.191,1.719,0.247,2.323,189.417,25.94,46.161,5.002,17.48,3.18,0.731,0.414,2.646,2.223,0.416,1.159,0.158,1.079,0.167,8.292,6.447,1.655,1.229,58.774,53.378,27.28,27.585,5.118,29.953,1288.429,36.423,17.602,559.947,15.239,11.067,50.621,28.63,52.582,52.905,50.692,2.149,2.242,126.80565800000001,126.81939400000002,126.81882533562523,126.83256133562524
alhic2302,155_2,126.8264965,126.83966383562523,0.016,0.046,150,stick2,27.759,35.272,188.78,24.068,2.199,0.402,2.555,182.362,24.013,45.46,5.048,17.585,3.438,0.906,0.458,2.805,2.484,0.487,1.365,0.188,1.258,0.159,7.785,6.96,1.425,1.285,9.838,60.264,28.067,30.363,5.962,31.892,1068.737,38.248,21.803,588.041,16.226,11.124,34.463,30.763,57.867,56.252,54.222,4.006,1.938,126.81939400000002,126.833599,126.83256133562524,126.84676633562523
alhic2302,155_2,126.840366,126.85353333562523,0.016,0.046,151,stick2,28.264,39.506,166.017,20.954,1.056,0.528,3.307,188.008,19.483,38.687,4.272,15.987,2.993,0.753,0.409,2.525,2.074,0.407,1.103,0.16,0.979,0.139,7.634,6.418,1.116,1.201,13.312,57.616,30.444,27.045,6.507,30.215,1833.14,53.866,39.757,610.572,19.053,12.868,38.911,27.917,58.834,58.521,43.469,7.855,3.91,126.833599,126.84713300000001,126.84676633562523,126.86030033562524
alhic2302,155_2,126.85429750000002,126.86746483562524,0.016,0.046,152,stick2,29.676,42.757,140.132,18.638,0.909,0.331,3.734,168.213,15.511,30.619,5.294,13.637,2.528,0.52,0.319,2.049,1.705,0.36,0.955,0.141,0.781,0.13,6.657,4.856,0.954,0.712,13.602,53.945,27.426,24.112,6.495,25.831,1021.522,33.15,58.973,530.869,15.789,9.846,31.216,30.052,62.741,52.171,29.301,5.413,2.398,126.84713300000001,126.861462,126.86030033562524,126.87462933562523
alhic2302,155_2,126.86823550000001,126.88140283562524,0.016,0.046,153,stick2,22.136,41.312,191.823,17.412,2.033,0.496,3.114,171.251,18.988,37.217,4.33,15.651,2.751,0.689,0.389,2.514,1.896,0.444,1.01,0.143,0.958,0.137,15.885,4.934,1.386,1.243,21.985,42.918,36.698,40.814,7.741,35.558,895.913,34.681,27.893,598.751,14.648,13.057,26.691,154.171,217.586,61.294,43.543,8.545,5.737,126.861462,126.875009,126.87462933562523,126.88817633562523
alhic2302,155_2,126.88197950000001,126.89514683562524,0.016,0.046,154,stick2,22.087,23.731,135.393,2.604,0.811,0.324,1.786,119.557,26.646,29.329,5.024,16.062,2.477,0.539,0.296,1.953,1.557,0.314,0.835,0.117,0.749,0.105,5.188,0.385,0.986,1.076,8.908,50.005,22.129,16.761,5.896,29.001,588.57,32.261,11.482,461.916,9.294,8.289,28.964,20.021,35.678,53.785,18.713,3.571,3.128,126.875009,126.88895000000001,126.88817633562523,126.90211733562523
alhic2302,155_2,126.89549600000001,126.90866333562523,0.016,0.046,155,stick2,37.946,50.945,219.916,27.347,3.549,0.571,2.65,212.691,30.963,57.933,6.563,22.466,4.25,1.02,0.569,3.799,3.056,0.619,1.715,0.241,1.482,0.229,10.425,9.27,2.11,1.886,24.46,59.181,39.714,35.688,9.625,33.763,1491.601,62.935,32.272,720.399,19.542,13.845,49.959,55.986,532.21,59.978,63.239,7.373,2.867,126.88895000000001,126.90204200000001,126.90211733562523,126.91520933562524
alhic2302,155_2,126.908657,126.92182433562523,0.016,0.046,156,stick2,27.378,46.244,191.277,36.268,3.533,0.911,2.527,199.877,25.149,40.461,32.605,109.558,2.977,0.739,0.621,4.241,2.302,0.543,1.542,0.188,1.251,0.172,20.084,5.621,1.767,1.405,14.481,53.399,36.363,41.509,7.717,40.593,1288.551,47.473,37.796,710.283,18.495,11.481,461.736,259.457,231.583,59.255,48.051,14.125,4.287,126.90204200000001,126.91527200000002,126.91520933562524,126.92843933562524
alhic2302,155_2,126.9217825,126.93494983562523,0.016,0.046,157,stick2,26.135,49.366,249.214,21.317,2.563,2.037,2.501,247.907,29.542,49.505,5.481,19.408,3.384,0.908,0.445,2.932,2.26,0.5,1.205,0.184,1.159,0.174,25.698,2.089,1.816,1.715,17.44,73.924,35.178,42.454,14.849,49.09,1154.544,36.41,30.058,658.19,16.851,10.979,82.547,149.432,323.02,53.896,46.139,16.169,5.422,126.91527200000002,126.92829300000001,126.92843933562524,126.94146033562524
alhic2302,155_2,126.93521400000002,126.94838133562524,0.016,0.046,158,stick2,21.776,36.722,178.89,24.868,1.644,0.409,2.17,159.828,32.813,64.671,7.178,24.139,4.004,0.957,0.491,3.326,2.148,0.478,1.124,0.148,1.033,0.147,8.524,4.881,1.459,1.108,22.265,42.945,33.135,37.657,4.992,31.829,991.032,29.64,15.991,619.306,13.853,10.393,13.494,5.827,92.436,61.963,47.51,7.771,5.422,126.92829300000001,126.94213500000001,126.94146033562524,126.95530233562523
alhic2302,155_2,126.94876750000002,126.96193483562524,0.016,0.046,159,stick2,22.42,37.142,240.008,28.642,1.597,0.469,2.442,259.918,31.091,58.011,6.733,22.749,4.114,1.026,0.454,3.224,2.147,0.523,1.089,0.162,1.048,0.153,10.053,5.208,1.304,0.986,13.546,39.846,34.278,43.687,5.472,35.442,1669.85,42.434,18.415,610.13,17.01,9.899,12.659,10.592,35.363,59.677,52.293,8.88,5.107,126.94213500000001,126.95540000000001,126.95530233562523,126.96856733562524
alhic2302,155_2,126.96214900000001,126.97531633562524,0.016,0.046,160,stick2,39.63,40.601,206.308,31.671,4.281,0.437,2.369,187.31,25.481,46.193,5.1,18.69,3.307,0.844,0.453,2.703,2.365,0.386,1.073,0.17,1.165,0.153,7.988,6.907,1.394,2.235,20.528,62.466,30.311,33.807,7.346,31.085,1030.729,36.587,19.509,629.355,21.871,12.976,47.585,35.568,63.049,64.614,48.755,4.544,3.209,126.95540000000001,126.96889800000001,126.96856733562524,126.98206533562524
alhic2302,155_2,126.97561700000001,126.98878433562524,0.016,0.046,161,stick2,22.695,43.389,233.801,30.652,2.021,0.449,2.461,232.064,28.042,49.013,5.622,20.493,3.764,0.96,0.503,3.285,2.393,0.546,1.318,0.183,1.128,0.154,9.367,5.555,1.603,1.405,11.964,46.316,39.249,41.26,6.434,35.209,1113.616,30.939,19.864,814.589,15.849,15.073,26.655,40.636,16.431,66.979,47.667,10.268,4.728,126.96889800000001,126.982336,126.98206533562524,126.99550333562523
alhic2302,155_2,126.98723450000001,127.00040183562524,0.016,0.046,162,stick2,32.945,48.832,266.638,28.388,25.01,1.146,2.79,257.262,33.311,59.774,7.016,25.614,4.68,1.109,0.607,4.252,2.888,0.618,1.552,0.223,1.295,0.181,19.346,6.723,1.773,1.958,17.165,56.293,38.574,51.371,8.37,45.839,1663.64,45.98,104.962,1052.843,111.732,18.127,81.603,183.211,2252.019,69.159,61.851,12.471,10.024,126.982336,126.99213300000001,126.99550333562523,127.00530033562524
alhic1901,230_4,156.82284695,156.80552644192431,0.016,0.046,164,stick2,41.405,79.649,242.519,33.258,4.302,1.445,8.258,355.682,50.658,95.32,11.083,41.104,8.539,1.741,1.215,7.665,6.582,1.272,3.727,0.507,3.057,0.459,34.684,17.303,4.06,2.892,7.546,88.826,33.904,51.891,2.28,69.539,2165.861,122.044,65.651,1239.702,36.079,24.214,92.849,169.345,600.352,79.428,107.106,16.528,11.99,156.8152,156.8304939,156.7978794919243,156.8131733919243
alhic1901,230_4,156.83674615,156.8194256419243,0.016,0.046,165,stick2,36.036,82.953,181.473,36.651,3.683,2.89,8.116,271.581,31.206,62.631,6.926,26.221,5.069,1.166,0.741,4.646,4.257,0.85,2.555,0.361,2.309,0.382,37.806,16.38,3.066,2.277,8.893,75.913,34.358,48.774,0.996,58.615,1291.134,103.971,78.677,970.756,30.138,21.64,94.076,215.607,879.071,68.008,100.749,18.569,9.488,156.8304939,156.8429984,156.8131733919243,156.8256778919243
alhic1901,230_4,156.84970045,156.8323799419243,0.016,0.046,166,stick2,68.657,97.753,215.614,45.599,4.543,1.924,8.729,382.755,45.837,91.567,10.73,40.506,8.068,1.753,1.235,7.565,7.07,1.436,4.033,0.65,3.557,0.528,40.986,17.009,3.839,3.423,12.297,79.549,43.245,69.283,6.512,87.084,2515.625,161.112,141.329,1708.36,52.903,34.808,830.855,302.628,822.83,64.282,170.075,37.618,11.573,156.8429984,156.8564025,156.8256778919243,156.8390819919243
alhic1901,230_4,156.86273235000002,156.84541184192432,0.016,0.046,167,stick2,45.143,91.1,396.473,36.796,3.875,2.086,6.443,497.922,34.323,68.8,7.823,28.742,5.471,1.649,0.828,5.033,4.388,0.83,2.458,0.331,2.086,0.33,30.56,12.172,2.62,2.207,11.123,69.645,35.694,85.407,7.806,72.367,1287.234,89.674,97.022,1222.064,34.661,22.765,117.579,373.323,722.278,58.373,230.865,23.151,5.004,156.8564025,156.8690622,156.8390819919243,156.8517416919243
alhic1901,230_4,156.8759929,156.8586723919243,0.016,0.046,168,stick2,51.813,85.044,202.187,29.391,2.865,1.381,7.309,412.1,55.53,105.718,11.407,42.145,7.953,1.572,1.052,7.064,5.66,1.111,3.244,0.428,2.633,0.407,23.43,13.551,2.952,2.389,14.134,61.822,38.944,57.592,7.049,63.627,1823.675,127.032,92.566,1249.678,39.581,28.977,157.557,136.643,506.194,62.519,143.162,2.951,6.156,156.8690622,156.8829236,156.8517416919243,156.8656030919243
alhic1901,230_4,156.8895654,156.8722448919243,0.016,0.046,169,stick2,61.819,99.516,257.408,41.977,3.81,1.297,9.935,413.281,53.344,104.718,11.395,44.188,8.517,1.823,1.32,7.769,7.503,1.466,4.294,0.607,3.783,0.611,29.166,17.951,4.241,3.828,11.756,68.951,47.04,82.238,8.268,81.522,3203.39,184.61,122.938,1609.678,60.233,40.84,121.535,148.991,305.991,85.046,210.934,5.908,10.156,156.8829236,156.89620720000002,156.8656030919243,156.87888669192432
alhic1901,230_4,156.9031486,156.8858280919243,0.016,0.046,170,stick2,51.507,85.665,280.891,30.139,3.715,2.065,9.69,434.892,64.115,121.707,14.13,52.383,10.343,2.184,1.31,8.407,6.974,1.344,3.919,0.576,3.714,0.575,35.945,18.149,4.529,2.64,14.245,77.078,38.021,70.401,4.892,77.518,4408.196,190.902,158.412,1576.178,58.919,32.967,110.524,177.494,1043.085,78.758,172.927,16.984,10.27,156.89620720000002,156.91009,156.87888669192432,156.8927694919243
alhic1901,230_4,156.91723000000002,156.89990949192432,0.016,0.046,171,stick2,32.931,71.793,166.254,29.988,3.627,1.177,7.597,270.892,39.461,76.94,8.286,30.571,5.957,1.168,0.817,5.191,4.631,0.883,2.438,0.345,2.159,0.34,21.492,15.358,3.178,2.068,10.3,79.103,28.849,46.383,0.982,69.253,1424.182,79.668,60.426,1088.153,41.741,22.379,68.484,83.665,223.37,73.422,100.264,14.421,12.98,156.91009,156.92437,156.8927694919243,156.9070494919243
alhic1901,230_4,156.9311645,156.9138439919243,0.016,0.046,172,stick2,60.578,167.281,336.611,32.601,5.159,1.253,19.869,582.733,73.393,136.694,17.237,67.277,13.702,2.629,2.077,12.903,11.041,2.372,6.545,0.925,6.309,0.919,50.91,20.139,8.068,4.12,7.513,90.385,54.517,122.927,3.515,122.827,3273.426,252.088,147.815,2927.304,76.131,57.793,106.599,126.082,242.635,94.907,218.62,26.87,29.694,156.92437,156.937959,156.9070494919243,156.9206384919243
alhic1901,230_4,156.9445325,156.9272119919243,0.016,0.046,173,stick2,36.012,71.377,186.874,32.036,3.251,0.923,7.573,276.895,39.911,77.542,8.979,34.393,6.809,1.267,0.947,6.026,5.385,1.068,3.105,0.429,2.785,0.451,22.343,13.426,3.45,2.515,7.581,77.132,32.157,52.204,5.404,61.031,1252.946,103.571,61.422,890.065,32.089,23.102,137.457,97.611,148.375,67.269,121.719,6.125,5.682,156.937959,156.951106,156.9206384919243,156.9337854919243
alhic1901,230_4,156.9578155,156.9404949919243,0.016,0.046,174,stick2,78.377,71.455,159.426,31.534,3.366,1.43,6.982,246.399,41.631,96.86,8.905,33.305,6.755,1.328,1.049,5.798,5.921,1.17,3.329,0.511,3.23,0.534,70.266,15.224,3.531,3.311,11.283,101.522,60.776,60.578,3.624,66.156,4635.726,256.759,227.375,2240.601,90.425,69.695,459.552,206.674,411.962,71.926,178.222,12.71,8.445,156.951106,156.964525,156.9337854919243,156.9472044919243
alhic1901,230_4,156.971012,156.9536914919243,0.016,0.046,175,stick2,63.39,84.131,242.762,21.648,4.258,1.212,5.753,283.951,55.106,109.927,12.447,46.223,9.676,1.59,1.348,8.096,7.076,1.404,4.234,0.588,3.737,0.594,35.211,15.642,3.812,4.289,7.09,92.538,60.253,69.057,5.48,82.371,5061.188,239.022,208.365,2126.005,88.862,55.809,236.775,178.418,302.018,82.923,192.316,18.617,9.852,156.964525,156.977499,156.9472044919243,156.9601784919243
alhic1901,230_4,156.98421000000002,156.96688949192432,0.016,0.046,176,stick2,65.351,117.411,247.865,39.371,5.182,1.078,8.296,328.614,64.018,119.941,12.514,45.268,8.351,1.611,1.169,7.126,6.244,1.28,3.638,0.564,3.618,0.573,33.286,21.97,3.826,4.751,6.936,95.832,56.307,68.743,5.44,62.734,4017.714,202.036,182.842,1941.164,75.582,46.45,150.308,218.347,410.252,70.303,182.528,23.646,8.654,156.977499,156.99092100000001,156.9601784919243,156.97360049192432
alhic1901,230_4,156.997556,156.9802354919243,0.016,0.046,177,stick2,147.569,170.109,484.603,54.701,5.446,1.882,13.083,740.895,103.146,208.637,24.505,91.319,17.547,3.381,2.626,16.861,14.424,2.934,8.268,1.183,7.188,1.099,62.344,32.724,7.021,7.282,11.572,118.902,109.618,163.683,7.818,99.178,8659.921,475.872,378.787,3524.537,165.014,116.241,268.547,573.328,696.261,70.199,548.22,40.57,110.462,156.99092100000001,157.00419100000002,156.97360049192432,156.98687049192432
alhic1901,230_4,157.0105695,156.9932489919243,0.016,0.046,178,stick2,40.124,90.95,377.331,87.409,3.375,0.888,5.75,485.411,53.024,102.322,11.639,43.6,7.665,2.046,1.12,6.89,5.38,0.988,3.028,0.413,2.513,0.409,22.135,17.148,3.093,3.101,8.55,97.947,40.109,83.957,8.762,85.051,2176.264,111.749,64.867,1157.947,38.085,28.076,63.135,221.445,223.742,66.411,219.878,21.866,17.203,157.00419100000002,157.016948,156.98687049192432,156.99962749192431
alhic1901,230_4,157.023401,157.0060804919243,0.016,0.046,179,stick2,33.847,71.427,274.583,43.256,2.678,0.641,5.979,347.862,35.232,68.218,7.387,28.027,5.2,1.357,0.728,4.614,4.134,0.801,2.309,0.334,2.042,0.296,16.184,13.67,2.73,1.872,5.863,84.193,35.406,66.393,4.237,74.286,1353.807,72.053,49.414,1049.808,28.727,22.92,57.056,109.816,163.948,68.369,162.907,16.726,7.246,157.016948,157.029854,156.99962749192431,157.0125334919243
alhic1901,230_4,157.036177,157.0188564919243,0.016,0.046,180,stick2,52.528,104.653,357.819,41.558,3.535,1.762,10.238,515.339,53.734,106.269,11.994,42.719,8.364,2.275,1.165,7.088,6.28,1.208,3.428,0.489,3.171,0.474,44.1,17.422,3.85,3.381,6.677,93.752,38.99,83.475,6.98,84.523,2077.6,137.678,93.803,1460.776,45.808,35.652,85.855,240.057,505.577,78.539,217.279,20.544,24.709,157.029854,157.04250000000002,157.0125334919243,157.02517949192432
